"Geographic name, english"
"Division No.  1, Subd. V"
Portugal Cove South
Trepassey
St. Shott's
"Division No.  1, Subd. U"
Cape Broyle
Renews-Cappahayden
Fermeuse
Port Kirwan
Aquaforte
Ferryland
"Division No.  1, Subd. W"
St. Vincent's-St. Stephen's-Peter's River
Gaskiers-Point La Haye
St. Mary's
Riverhead
Admirals Beach
St. Joseph's
Mount Carmel-Mitchells Brook-St. Catherine's
"Division No.  1, Subd. X"
Colinet
"Division No.  1, Subd. C"
Branch
Point Lance
St. Bride's
"Division No.  1, Subd. B"
Placentia
Fox Harbour
"Division No.  1, Subd. A"
Long Harbour-Mount Arlington Heights
Southern Harbour
Arnold's Cove
Come By Chance
Sunnyside
Chance Cove
Norman's Cove-Long Cove
Chapel Arm
"Division No.  1, Subd. Y"
Whitbourne
"Division No.  1, Subd. E"
Whiteway
Heart's Delight-Islington
Heart's Desire
"Division No.  1, Subd. F"
Heart's Content
New Perlican
Winterton
Hant's Harbour
"Division No.  1, Subd. G"
Old Perlican
Bay de Verde
Small Point-Adam's Cove-Blackhead-Broad Cove
"Division No.  1, Subd. H"
Salmon Cove
Victoria
Carbonear
"Division No.  1, Subd. I"
Bryant's Cove
Harbour Grace
Upper Island Cove
"Division No.  1, Subd. J"
Bishop's Cove
Spaniard's Bay
"Division No.  1, Subd. K"
Bay Roberts
"Division No.  1, Subd. L"
"Division No.  1, Subd. M"
North River
Clarke's Beach
South River
Cupids
"Division No.  1, Subd. N"
Brigus
"Division No.  1, Subd. O"
Colliers
Conception Harbour
Avondale
Harbour Main-Chapel's Cove-Lakeview
Holyrood
Conception Bay South
"Division No.  1, Subd. R"
Wabana
Portugal Cove-St. Philip's
Pouch Cove
Flatrock
Torbay
Logy Bay-Middle Cove-Outer Cove
Bauline
Paradise
St. John's
Mount Pearl
Petty Harbour-Maddox Cove
Bay Bulls
Witless Bay
"Division No.  1, Subd. D"
"Division No.  2, Subd. E"
Lewin's Cove
Burin
"Division No.  2, Subd. F"
St. Lawrence
"Division No.  2, Subd. G"
Lawn
Lamaline
Lord's Cove
Point May
Point au Gaul
"Division No.  2, Subd. H"
Frenchman's Cove
Fortune
Grand Bank
Garnish
"Division No.  2, Subd. D"
Winterland
Marystown
Fox Cove-Mortier
"Division No.  2, Subd. I"
Bay L'Argent
"Division No.  2, Subd. J"
Grand le Pierre
"Division No.  2, Subd. C"
Rushoon
Parkers Cove
Terrenceville
Red Harbour
English Harbour East
Baine Harbour
St. Bernard's-Jacques Fontaine
"Division No.  2, Subd. L"
"Division No.  2, Subd. K"
Little Bay East
"Division No.  3, Subd. A"
Rencontre East
St. Jacques-Coomb's Cove
Belleoram
Pool's Cove
"Division No.  3, Subd. B"
Harbour Breton
"Division No.  3, Subd. C"
Seal Cove (Fortune Bay)
Hermitage-Sandyville
Gaultois
"Division No.  3, Subd. D"
Milltown-Head of Bay d'Espoir
St. Alban's
Morrisville
"Division No.  3, Subd. E"
"Division No.  3, Subd. F"
Ramea
Burgeo
"Division No.  3, Subd. H"
Isle aux Morts
Burnt Islands
Channel-Port aux Basques
"Division No.  3, Subd. I"
"Division No.  3, Subd. J"
Rose Blanche-Harbour le Cou
Samiajij Miawpukek
"Division No.  4, Subd. A"
"Division No.  4, Subd. B"
"Division No.  4, Subd. C"
St. George's
"Division No.  4, Subd. D"
Gallants
Stephenville Crossing
Stephenville
Kippens
Port au Port East
"Division No.  4, Subd. E"
Cape St. George
Lourdes
Port au Port West-Aguathuna-Felix Cove
"Division No.  5, Subd. A"
"Division No.  5, Subd. G"
Deer Lake
Jackson's Arm
Howley
"Division No.  5, Subd. E"
Hampden
Reidville
"Division No.  5, Subd. F"
Steady Brook
Pasadena
Cormack
Gillams
"Division No.  5, Subd. C"
Massey Drive
Corner Brook
"Division No.  5, Subd. D"
Humber Arm South
McIvers
Cox's Cove
Lark Harbour
Meadows
Hughes Brook
Irishtown-Summerside
Mount Moriah
York Harbour
"Division No.  6, Subd. D"
Norris Arm
"Division No.  6, Subd. E"
Gander
Appleton
Glenwood
"Division No.  6, Subd. C"
Northern Arm
Grand Falls-Windsor
Bishop's Falls
Peterview
Botwood
Badger
Millertown
"Division No.  6, Subd. A"
Buchans
"Division No.  7, Subd. M"
"Division No.  7, Subd. L"
"Division No.  7, Subd. K"
Clarenville
"Division No.  7, Subd. J"
Trinity (Trinity Bay)
Port Rexton
"Division No.  7, Subd. I"
Elliston
Trinity Bay North
Bonavista
"Division No.  7, Subd. G"
Keels
Duntara
King's Cove
"Division No.  7, Subd. F"
"Division No.  7, Subd. E"
Musgravetown
Port Blandford
Traytown
"Division No.  7, Subd. D"
Sandy Cove
Terra Nova
Happy Adventure
Eastport
Sandringham
Glovertown
"Division No.  7, Subd. N"
Salvage
Gambo
St. Brendan's
Hare Bay
Centreville-Wareham-Trinity
"Division No.  7, Subd. B"
Greenspond
"Division No.  7, Subd. A"
Dover
New-Wes-Valley
Indian Bay
"Division No.  8, Subd. M"
Lumsden
Musgrave Harbour
"Division No.  8, Subd. L"
Carmanville
Change Islands
"Division No.  8, Subd. I"
Crow Head
"Division No.  8, Subd. H"
Cottlesville
Summerford
Twillingate
"Division No.  8, Subd. G"
Campbellton
Birchy Bay
Comfort Cove-Newstead
Baytona
"Division No.  8, Subd. F"
Embree
Lewisporte
Little Burnt Bay
"Division No.  8, Subd. E"
Point of Bay
Leading Tickles
Point Leamington
"Division No.  8, Subd. D"
Pilley's Island
Triton
Brighton
Lushes Bight-Beaumont-Beaumont North
"Division No.  8, Subd. C"
South Brook
Robert's Arm
Springdale
Port Anson
Little Bay
Little Bay Islands
"Division No.  8, Subd. P"
Beachside
"Division No.  8, Subd. O"
King's Point
Nippers Harbour
Burlington
Middle Arm
Tilt Cove
"Division No.  8, Subd. A"
Fleur de Lys
LaScie
Brent's Cove
Pacquet
Baie Verte
Seal Cove (White Bay)
Coachman's Cove
Westport
Ming's Bight
Woodstock
Miles Cove
Fogo Island
"Division No.  9, Subd. F"
Englee
Roddickton-Bide Arm
Conche
"Division No.  9, Subd. A"
Trout River
"Woody Point, Bonne Bay"
Norris Point
Rocky Harbour
Daniel's Harbour
Cow Head
Parson's Pond
Hawke's Bay
Port Saunders
St. Pauls
"Division No.  9, Subd. C"
Port au Choix
Anchor Point
Flower's Cove
Bird Cove
Main Brook
St. Anthony
Glenburnie-Birchy Head-Shoal Brook
"Division No.  9, Subd. D"
St. Lunaire-Griquet
Cook's Harbour
Raleigh
Sally's Cove
Goose Cove East
"Division No.  9, Subd. H"
Bellburns
"Division No.  9, Subd. G"
River of Ponds
"Division No. 10, Subd. A"
L'Anse au Loup
Red Bay
L'Anse-au-Clair
Forteau
West St. Modeste
Pinware
"Division No. 10, Subd. B"
Port Hope Simpson
St. Lewis
Mary's Harbour
"Cartwright, Labrador"
Charlottetown (Labrador)
"Division No. 10, Subd. C"
North West River
Happy Valley-Goose Bay
"Division No. 10, Subd. D"
Labrador City
Wabush
"Division No. 10, Subd. E"
Natuashish  2
Sheshatshiu 3
"Division No. 11, Subd. C"
Rigolet
Postville
Makkovik
Hopedale
Nain
"Division No. 11, Subd. E"
Lot 64
Murray Harbour
Murray River
Lot 63
Lot 61
Lot 59
Lot 66
Lot 51
Lot 52
Montague
Lot 53
Cardigan
"Kings, Royalty"
Georgetown
Lot 54
Lot 55
Lot 56
Lot 43
Lot 44
Lot 45
Souris
Lot 46
Lot 47
Lot 42
Lot 41
St. Peters Bay
Lot 40
Morell
Lot 39
Morell 2
Lot 38
Lot 62
Lot 60
Lot 58
Lot 57
Lot 50
Lot 49
Lot 48
Lot 31
Lot 65
Lot 30
Rocky Point 3
Lot 29
Victoria
Meadowbank
Crapaud
Lot 67
Clyde River
Lot 20
Lot 21
Miltonvale Park
Lot 22
Lot 23
Hunter River
Lot 24
Resort Mun. Stan.B.-Hope R.-Bayv.-Cavend.-N.Rust.
North Rustico
Brackley
Lot 33
Union Road
Breadalbane
Lot 34
Lot 35
Lot 36
Scotchfort 4
Lot 37
Mount Stewart
Winsloe South
Warren Grove
Charlottetown
Stratford
Cornwall
Lot 28
Borden-Carleton
Lot 27
Kinkora
Lot 26
Lot 25
Lot 19
Kensington
Bedeque and Area
Lot 18
Sherbrooke
Lot 17
Linkletter
Miscouche
Summerside
Lot 15
Abrams Village
Lot 16
Wellington
Lot 14
Lot 13
Tyne Valley
Lot 12
Lennox Island 1
Lot 11
Lot 10
Lot  6
O'Leary
Lot  9
Lot  8
Lot  7
Lot  5
Lot  4
Alberton
Lot  3
Lot  2
St. Louis
Lot  1
Tignish
Miminegash
Barrington
Clark's Harbour
Shelburne
Shelburne
Lockeport
Argyle
Yarmouth
Yarmouth
Yarmouth 33
Clare
Digby
Digby
Bear River (Part) 6
Ponhook Lake 10
Queens
Wildcat 12
"Annapolis, Subd. D"
Bear River (Part) 6
"Annapolis, Subd. A"
Bear River 6B
Annapolis Royal
"Annapolis, Subd. B"
"Annapolis, Subd. C"
Middleton
Lunenburg
Bridgewater
Lunenburg
Mahone Bay
Chester
Gold River 21
Pennal 19
New Ross 20
"Kings, Subd. A"
Cambridge 32
Berwick
"Kings, Subd. C"
Kentville
"Kings, Subd. B"
"Kings, Subd. D"
Wolfville
Glooscap 35
West Hants
Windsor
East Hants
Indian Brook 14
Cole Harbour 30
Shubenacadie 13
Halifax
Beaver Lake 17
Sheet Harbour 36
Wallace Hills 14A
"Colchester, Subd. C"
Stewiacke
Millbrook 27
Truro
"Colchester, Subd. B"
"Colchester, Subd. A"
"Cumberland, Subd. A"
Parrsboro
"Cumberland, Subd. B"
"Cumberland, Subd. C"
Amherst
Oxford
"Cumberland, Subd. D"
"Pictou, Subd. A"
Pictou
"Pictou, Subd. B"
Westville
Stellarton
"Pictou, Subd. C"
New Glasgow
Trenton
Fisher's Grant 24
Merigomish Harbour 31
St. Mary's
Guysborough
Mulgrave
"Antigonish, Subd. A"
Antigonish
"Antigonish, Subd. B"
Pomquet And Afton 23
"Inverness, Subd. C"
Port Hawkesbury
"Inverness, Subd. B"
Whycocomagh 2
"Inverness, Subd. A"
"Richmond, Subd. C"
"Richmond, Subd. A"
"Richmond, Subd. B"
Chapel Island 5
Membertou 28B
Eskasoni 3
Cape Breton
"Victoria, Subd. B"
Wagmatcook 1
"Victoria, Subd. A"
Saint Martins
St. Martins
Simonds
Saint John
Musquash
Grand Manan
Campobello Island
West Isles
Lepreau
Pennfield
Blacks Harbour
Clarendon
Saint George
St. George
Saint Patrick
Saint Andrews
Saint Andrews
Saint Croix
Dufferin
Saint Stephen
St. Stephen
Saint James
Saint David
Dumbarton
Grand Manan
Blissville
Gladstone
Tracy
Fredericton Junction
Lincoln
Burton
Oromocto
Oromocto 26
Sheffield
Maugerville
Northfield
Petersville
Gagetown
Gagetown
Hampstead
Wickham
Cambridge
Cambridge-Narrows
Johnston
Brunswick
Waterborough
Canning
Minto
Chipman
Chipman
Hammond
Upham
Hampton
Hampton
Rothesay
Westfield
Kingston
Grand Bay-Westfield
Norton
Norton
Sussex
Sussex
Sussex Corner
Waterford
Cardwell
Havelock
Studholm
Springfield
Kars
Greenwich
Rothesay
Quispamsis
Hopewell
Riverside-Albert
Harvey
Alma
Alma
Elgin
Hillsborough
Coverdale
Riverview
Hillsborough
Westmorland
Port Elgin
Botsford
Beaubassin East
Cap-Pel?
Sackville
Sackville
Dorchester
Dorchester
Memramcook
Fort Folly 1
Shediac
Moncton
Moncton
Salisbury
Salisbury
Petitcodiac
Dieppe
Shediac
Dundas
Cocagne
Buctouche 16
Wellington
Bouctouche
Saint Mary
Saint-Antoine
Saint-Paul
Harcourt
Huskisson
Weldford
Richibucto 15
Richibucto
Rexton
Richibucto
Saint-Charles
Indian Island 28
Saint-Louis
Saint-Louis de Kent
Acadieville
Carleton
Hardwicke
Glenelg
Chatham
Derby
Nelson
Rogersville
Rogersville
Blackville
Blackville
Blissfield
Doaktown
Red Bank 4
Southesk
Upper Miramichi
Northesk
Newcastle
Big Hole Tract 8 (South Half)
Eel Ground 2
Alnwick
Neguac
Esgeno?petitj 14
Tabusintac 9
Miramichi
New Maryland
New Maryland
Manners Sutton
Harvey
McAdam
McAdam
North Lake
Canterbury
Canterbury
Meductic
Dumfries
Prince William
Hanwell
Kingsclear
Kingsclear 6
Queensbury
Southampton
Millville
Bright
Douglas
Saint Marys
Fredericton
Devon 30
Stanley
Stanley
Nackawic
Richmond
Woodstock
Woodstock 23
Woodstock
Northampton
Brighton
Hartland
Wakefield
Wilmot
Centreville
Simonds
Peel
Aberdeen
Florenceville-Bristol
Kent
Bath
Wicklow
Andover
Aroostook
Perth
Perth-Andover
Tobique 20
Gordon
Plaster Rock
Lorne
Denmark
Grand Falls
Grand Falls
Drummond
Drummond
Saint-Andr?
Saint-Andr?
Saint-L?onard
Saint-L?onard
Notre-Dame-de-Lourdes
Sainte-Anne
Sainte-Anne-de-Madawaska
Rivi?re-Verte
Rivi?re-Verte
Saint-Basile
St. Basile 10
Saint-Joseph
Saint-Jacques
Edmundston
Madawaska
Saint-Hilaire
St. Hilaire
Baker Brook
Baker-Brook
Lac-Baker
Lac Baker
Clair
Clair
Saint-Fran?ois
Saint-Fran?ois de Madawaska
Durham
Colborne
Charlo
Balmoral
Balmoral
Dalhousie
Eel River 3
Eel River Crossing
Addington
Atholville
Campbellton
Tide Head
Eldon
Dalhousie
Kedgwick
Saint-Quentin
Saint-Quentin
Belledune
Indian Ranch
Tracadie
Allardville
Bathurst
Pabineau 11
Bathurst
Beresford
Pointe-Verte
Petit-Rocher
Beresford
New Bandon
Saint-L?olin
Paquetville
Paquetville
Saint-Isidore
Saint-Isidore
Inkerman
Caraquet
Bas-Caraquet
Caraquet
Shippagan
Le Goulet
Shippagan
Lam?que
Sainte-Marie-Saint-Rapha?l
Bertrand
Nigadoo
Grande-Anse
Maisonnette
Les ?les-de-la-Madeleine
Grosse-?le
Perc?
Sainte-Th?r?se-de-Gasp?
Grande-Rivi?re
Chandler
Port-Daniel--Gascons
Mont-Alexandre
Gasp?
Cloridorme
Petite-Vall?e
Grande-Vall?e
Murdochville
Rivi?re-Saint-Jean
Collines-du-Basque
Sainte-Madeleine-de-la-Rivi?re-Madeleine
Saint-Maxime-du-Mont-Louis
Mont-Saint-Pierre
Rivi?re-?-Claude
Marsoui
La Martre
Sainte-Anne-des-Monts
Cap-Chat
Mont-Albert
Coul?e-des-Adolphe
Shigawake
Saint-Godefroi
Hope Town
Hope
Pasp?biac
New Carlisle
Bonaventure
Saint-Elz?ar
Saint-Sim?on
Caplan
Saint-Alphonse
New Richmond
Cascap?dia--Saint-Jules
Rivi?re-Bonaventure
Maria
Carleton-sur-Mer
Nouvelle
Escuminac
Pointe-?-la-Croix
Ristigouche-Partie-Sud-Est
Saint-Andr?-de-Restigouche
Matap?dia
Saint-Alexis-de-Matap?dia
Saint-Fran?ois-d'Assise
L'Ascension-de-Patap?dia
Gesgapegiag
Listuguj
Rivi?re-Nouvelle
Ruisseau-Ferguson
Sainte-Marguerite-Marie
Sainte-Florence
Causapscal
Albertville
Saint-L?on-le-Grand
Saint-Z?non-du-Lac-Humqui
Sainte-Ir?ne
Amqui
Lac-au-Saumon
Saint-Alexandre-des-Lacs
Saint-Tharcisius
Saint-Vianney
Val-Brillant
Sayabec
Saint-Cl?ophas
Saint-Mo?se
Saint-No?l
Saint-Damase
Routhierville
Rivi?re-Vaseuse
Rivi?re-Patap?dia-Est
Lac-Casault
Ruisseau-des-Mineurs
Lac-Alfred
Lac-Matap?dia
Les M?chins
Saint-Jean-de-Cherbourg
Grosses-Roches
Sainte-F?licit?
Saint-Adelme
Saint-Ren?-de-Matane
Sainte-Paule
Matane
Saint-L?andre
Saint-Ulric
Baie-des-Sables
Rivi?re-Bonjour
La R?demption
Saint-Charles-Garnier
Les Hauteurs
Sainte-Jeanne-d'Arc
Saint-Gabriel-de-Rimouski
Saint-Donat
Sainte-Ang?le-de-M?rici
Padoue
M?tis-sur-Mer
Saint-Octave-de-M?tis
Grand-M?tis
Price
Saint-Joseph-de-Lepage
Mont-Joli
Sainte-Flavie
Sainte-Luce
Lac-des-Eaux-Mortes
Lac-?-la-Croix
Esprit-Saint
La Trinit?-des-Monts
Saint-Narcisse-de-Rimouski
Saint-Marcellin
Saint-Anaclet-de-Lessard
Rimouski
Saint-Val?rien
Saint-Fabien
Saint-Eug?ne-de-Ladri?re
Lac-Huron
Saint-Cl?ment
Saint-Jean-de-Dieu
Sainte-Rita
Saint-Guy
Saint-M?dard
Sainte-Fran?oise
Saint-?loi
Trois-Pistoles
Notre-Dame-des-Neiges
Saint-Mathieu-de-Rioux
Saint-Simon
Lac-Boisbouscache
Saint-Cyprien
Saint-Hubert-de-Rivi?re-du-Loup
Saint-Antonin
Saint-Modeste
Saint-Fran?ois-Xavier-de-Viger
Saint-?piphane
Saint-Paul-de-la-Croix
L'Isle-Verte
Notre-Dame-des-Sept-Douleurs
Cacouna
Saint-Ars?ne
Rivi?re-du-Loup
Notre-Dame-du-Portage
D?gelis
Saint-Jean-de-la-Lande
Packington
Saint-Marc-du-Lac-Long
Rivi?re-Bleue
Saint-Eus?be
Saint-Juste-du-Lac
Auclair
Lejeune
Biencourt
Lac-des-Aigles
Saint-Michel-du-Squatec
T?miscouata-sur-le-Lac
Saint-Pierre-de-Lamy
Saint-Louis-du-Ha! Ha!
Saint-Elz?ar-de-T?miscouata
Saint-Honor?-de-T?miscouata
Poh?n?gamook
Saint-Athanase
Mont-Carmel
Saint-Bruno-de-Kamouraska
Saint-Pascal
Sainte-H?l?ne-de-Kamouraska
Saint-Joseph-de-Kamouraska
Saint-Alexandre-de-Kamouraska
Saint-Andr?
Saint-Germain
Kamouraska
Saint-Denis-De La Bouteillerie
Saint-Philippe-de-N?ri
Rivi?re-Ouelle
Saint-Pac?me
Saint-Gabriel-Lalemant
Saint-On?sime-d'Ixworth
La Pocati?re
Sainte-Anne-de-la-Pocati?re
Picard
Petit-Lac-Sainte-Anne
Saint-Ir?n?e
La Malbaie
Notre-Dame-des-Monts
Saint-Aim?-des-Lacs
Clermont
Saint-Sim?on
Baie-Sainte-Catherine
Mont-?lie
Sagard
Petite-Rivi?re-Saint-Fran?ois
Baie-Saint-Paul
L'Isle-aux-Coudres
Les ?boulements
Saint-Hilarion
Saint-Urbain
Lac-Pikauba
Saint-Omer
Saint-Pamphile
Saint-Adalbert
Saint-Marcel
Sainte-F?licit?
Sainte-Perp?tue
Tourville
Saint-Damase-de-L'Islet
Saint-Cyrille-de-Lessard
Saint-Aubert
Sainte-Louise
Saint-Roch-des-Aulnaies
Saint-Jean-Port-Joli
L'Islet
Saint-Just-de-Breteni?res
Lac-Fronti?re
Saint-Fabien-de-Panet
Sainte-Lucie-de-Beauregard
Sainte-Apolline-de-Patton
Saint-Paul-de-Montminy
Sainte-Euph?mie-sur-Rivi?re-du-Sud
Notre-Dame-du-Rosaire
Cap-Saint-Ignace
Montmagny
Saint-Pierre-de-la-Rivi?re-du-Sud
Saint-Fran?ois-de-la-Rivi?re-du-Sud
Berthier-sur-Mer
Saint-Antoine-de-l'Isle-aux-Grues
Saint-Phil?mon
Notre-Dame-Auxiliatrice-de-Buckland
Saint-Nazaire-de-Dorchester
Saint-L?on-de-Standon
Saint-Malachie
Saint-Damien-de-Buckland
Armagh
Saint-N?r?e-de-Bellechasse
Saint-Lazare-de-Bellechasse
Sainte-Claire
Saint-Anselme
Saint-Henri
Honfleur
Saint-Gervais
Saint-Rapha?l
La Durantaye
Saint-Charles-de-Bellechasse
Beaumont
Saint-Michel-de-Bellechasse
Saint-Vallier
Saint-Fran?ois-de-l'?le-d'Orl?ans
Sainte-Famille
Saint-Jean-de-l'?le-d'Orl?ans
Saint-Laurent-de-l'?le-d'Orl?ans
Saint-Pierre-de-l'?le-d'Orl?ans
Sainte-P?tronille
Saint-Tite-des-Caps
Saint-Ferr?ol-les-Neiges
Saint-Louis-de-Gonzague-du-Cap-Tourmente
Saint-Joachim
Beaupr?
Sainte-Anne-de-Beaupr?
Ch?teau-Richer
L'Ange-Gardien
Boischatel
Sault-au-Cochon
Lac-Jacques-Cartier
Sainte-Catherine-de-la-Jacques-Cartier
Fossambault-sur-le-Lac
Lac-Saint-Joseph
Shannon
Saint-Gabriel-de-Valcartier
Lac-Delage
Stoneham-et-Tewkesbury
Lac-Beauport
Sainte-Brigitte-de-Laval
Lac-Croche
Notre-Dame-des-Anges
Qu?bec
L'Ancienne-Lorette
Saint-Augustin-de-Desmaures
Wendake
L?vis
Frampton
Saints-Anges
Vall?e-Jonction
Saint-Elz?ar
Sainte-Marie
Sainte-Marguerite
Sainte-H?n?dine
Scott
Saint-Bernard
Saint-Isidore
Saint-Lambert-de-Lauzon
Saint-Victor
Saint-Alfred
Beauceville
Saint-Odilon-de-Cranbourne
Saint-Joseph-de-Beauce
Saint-Joseph-des-?rables
Saint-Jules
Tring-Jonction
Saint-Fr?d?ric
Saint-S?verin
Saint-Zacharie
Sainte-Aur?lie
Saint-Prosper
Saint-Benjamin
Sainte-Rose-de-Watford
Saint-Louis-de-Gonzague
Saint-Cyprien
Sainte-Justine
Lac-Etchemin
Saint-Luc-de-Bellechasse
Sainte-Sabine
Saint-Camille-de-Lellis
Saint-Magloire
Saint-Th?ophile
Saint-G?d?on-de-Beauce
Saint-Hilaire-de-Dorset
Saint-?variste-de-Forsyth
La Guadeloupe
Saint-Honor?-de-Shenley
Saint-Martin
Saint-Ren?
Saint-C?me--Lini?re
Saint-Philibert
Saint-Georges
Lac-Poulin
Saint-Beno?t-Labre
Saint-?phrem-de-Beauce
Notre-Dame-des-Pins
Saint-Simon-les-Mines
Saint-Augustin-de-Woburn
Notre-Dame-des-Bois
Val-Racine
Piopolis
Frontenac
Lac-M?gantic
Marston
Milan
Nantes
Sainte-C?cile-de-Whitton
Audet
Saint-Robert-Bellarmin
Saint-Ludger
Lac-Drolet
Saint-S?bastien
Courcelles
Lambton
Saint-Romain
Stornoway
Stratford
Beaulac-Garthby
Disraeli
Disraeli
Saint-Jacques-le-Majeur-de-Wolfestown
Saint-Fortunat
Saint-Julien
Irlande
Saint-Joseph-de-Coleraine
Sainte-Prax?de
Adstock
Sainte-Clotilde-de-Beauce
Thetford Mines
Saint-Adrien-d'Irlande
Saint-Jean-de-Br?beuf
Kinnear's Mills
East Broughton
Sacr?-Coeur-de-J?sus
Saint-Pierre-de-Broughton
Saint-Jacques-de-Leeds
Saint-Ferdinand
Sainte-Sophie-d'Halifax
Princeville
Plessisville
Plessisville
Saint-Pierre-Baptiste
Inverness
Lyster
Laurierville
Notre-Dame-de-Lourdes
Villeroy
Saint-Sylvestre
Sainte-Agathe-de-Lotbini?re
Saint-Patrice-de-Beaurivage
Saint-Narcisse-de-Beaurivage
Saint-Gilles
Dosquet
Saint-Agapit
Saint-Flavien
Laurier-Station
Saint-Janvier-de-Joly
Val-Alain
Saint-?douard-de-Lotbini?re
Notre-Dame-du-Sacr?-Coeur-d'Issoudun
Saint-Apollinaire
Saint-Antoine-de-Tilly
Sainte-Croix
Lotbini?re
Leclercville
Neuville
Pont-Rouge
Donnacona
Cap-Sant?
Saint-Basile
Portneuf
Deschambault-Grondines
Saint-Gilbert
Saint-Marc-des-Carri?res
Saint-Casimir
Saint-Thuribe
Saint-Ubalde
Saint-Alban
Sainte-Christine-d'Auvergne
Saint-L?onard-de-Portneuf
Lac-Sergent
Saint-Raymond
Rivi?re-?-Pierre
Lac-Blanc
Linton
Lac-Lapeyr?re
Notre-Dame-de-Montauban
Lac-aux-Sables
Saint-Adelphe
Saint-S?verin
Saint-Tite
H?rouxville
Grandes-Piles
Saint-Roch-de-M?kinac
Sainte-Th?cle
Trois-Rives
Lac-Masketsi
Lac-Normand
Rivi?re-de-la-Savane
Lac-Boul?
Shawinigan
Trois-Rivi?res
Sainte-Anne-de-la-P?rade
Batiscan
Sainte-Genevi?ve-de-Batiscan
Champlain
Saint-Luc-de-Vincennes
Saint-Maurice
Notre-Dame-du-Mont-Carmel
Saint-Narcisse
Saint-Stanislas
Saint-Prosper-de-Champlain
Saint-Sylv?re
B?cancour
Sainte-Marie-de-Blandford
Lemieux
Manseau
Sainte-Fran?oise
Sainte-Sophie-de-L?vrard
Fortierville
Parisville
Sainte-C?cile-de-L?vrard
Saint-Pierre-les-Becquets
Deschaillons-sur-Saint-Laurent
W?linak
Saints-Martyrs-Canadiens
Ham-Nord
Notre-Dame-de-Ham
Saint-R?mi-de-Tingwick
Tingwick
Chesterville
Sainte-H?l?ne-de-Chester
Saint-Norbert-d'Arthabaska
Saint-Christophe-d'Arthabaska
Victoriaville
Warwick
Saint-Albert
Sainte-?lizabeth-de-Warwick
Kingsey Falls
Sainte-S?raphine
Sainte-Clotilde-de-Horton
Saint-Samuel
Saint-Val?re
Saint-Rosaire
Sainte-Anne-du-Sault
Daveluyville
Maddington Falls
Saint-Louis-de-Blandford
Ham-Sud
Saint-Adrien
Wotton
Saint-Camille
Saint-Georges-de-Windsor
Asbestos
Danville
Saint-Isidore-de-Clifton
Chartierville
La Patrie
Newport
Cookshire-Eaton
Ascot Corner
East Angus
Westbury
Bury
Hampden
Scotstown
Lingwick
Weedon
Dudswell
Stoke
Saint-Fran?ois-Xavier-de-Brompton
Saint-Denis-de-Brompton
Racine
Bonsecours
Lawrenceville
Sainte-Anne-de-la-Rochelle
Valcourt
Valcourt
Maricourt
Kingsbury
Melbourne
Ulverton
Windsor
Val-Joli
Richmond
Saint-Claude
Cleveland
Sherbrooke
Saint-Malo
Saint-Venant-de-Paquette
East Hereford
Saint-Herm?n?gilde
Dixville
Coaticook
Barnston-Ouest
Stanstead-Est
Sainte-Edwidge-de-Clifton
Martinville
Compton
Waterville
Stanstead
Ogden
Stanstead
Potton
Ayer's Cliff
Hatley
North Hatley
Hatley
Sainte-Catherine-de-Hatley
Magog
Saint-Beno?t-du-Lac
Austin
Eastman
Bolton-Est
Saint-?tienne-de-Bolton
Stukely-Sud
Orford
Abercorn
Frelighsburg
Saint-Armand
Pike River
Stanbridge Station
Bedford
Bedford
Stanbridge East
Dunham
Sutton
Bolton-Ouest
Brome
Lac-Brome
Bromont
Cowansville
East Farnham
Brigham
Saint-Ignace-de-Stanbridge
Notre-Dame-de-Stanbridge
Sainte-Sabine
Farnham
Saint-Alphonse-de-Granby
Granby
Waterloo
Warden
Shefford
Saint-Joachim-de-Shefford
Roxton Pond
Sainte-C?cile-de-Milton
B?thanie
Roxton Falls
Roxton
Sainte-Christine
Acton Vale
Upton
Saint-Th?odore-d'Acton
Saint-Nazaire-d'Acton
Saint-F?lix-de-Kingsey
Durham-Sud
Lefebvre
L'Avenir
Saint-Lucien
Wickham
Saint-Germain-de-Grantham
Drummondville
Saint-Cyrille-de-Wendover
Notre-Dame-du-Bon-Conseil
Notre-Dame-du-Bon-Conseil
Sainte-Brigitte-des-Saults
Saint-Majorique-de-Grantham
Saint-Edmond-de-Grantham
Saint-Eug?ne
Saint-Guillaume
Saint-Bonaventure
Saint-Pie-de-Guire
Sainte-Eulalie
Aston-Jonction
Saint-Wenceslas
Saint-C?lestin
Saint-C?lestin
Saint-L?onard-d'Aston
Sainte-Perp?tue
Sainte-Monique
Grand-Saint-Esprit
Nicolet
La Visitation-de-Yamaska
Saint-Z?phirin-de-Courval
Saint-Elph?ge
Baie-du-Febvre
Pierreville
Saint-Fran?ois-du-Lac
Odanak
Maskinong?
Louiseville
Yamachiche
Saint-Barnab?
Saint-S?v?re
Saint-L?on-le-Grand
Sainte-Ursule
Saint-Justin
Saint-?douard-de-Maskinong?
Sainte-Ang?le-de-Pr?mont
Saint-Paulin
Saint-Alexis-des-Monts
Saint-Mathieu-du-Parc
Saint-?lie-de-Caxton
Charette
Saint-Boniface
Saint-?tienne-des-Gr?s
Lavaltrie
Lanoraie
Sainte-?lisabeth
Berthierville
Sainte-Genevi?ve-de-Berthier
Saint-Ignace-de-Loyola
La Visitation-de-l'?le-Dupas
Saint-Barth?lemy
Saint-Cuthbert
Saint-Norbert
Saint-Cl?ophas-de-Brandon
Saint-Gabriel
Saint-Gabriel-de-Brandon
Saint-Didace
Mandeville
Saint-David
Massueville
Saint-Aim?
Saint-Robert
Sainte-Victoire-de-Sorel
Saint-Ours
Saint-Roch-de-Richelieu
Saint-Joseph-de-Sorel
Sorel-Tracy
Sainte-Anne-de-Sorel
Yamaska
Saint-G?rard-Majella
Saint-Pie
Saint-Damase
Sainte-Madeleine
Sainte-Marie-Madeleine
La Pr?sentation
Saint-Hyacinthe
Saint-Dominique
Saint-Val?rien-de-Milton
Saint-Liboire
Saint-Simon
Sainte-H?l?ne-de-Bagot
Saint-Hugues
Saint-Barnab?-Sud
Saint-Jude
Saint-Bernard-de-Michaudville
Saint-Louis
Saint-Marcel-de-Richelieu
Ange-Gardien
Saint-Paul-d'Abbotsford
Saint-C?saire
Sainte-Ang?le-de-Monnoir
Rougemont
Marieville
Richelieu
Saint-Mathias-sur-Richelieu
Venise-en-Qu?bec
Saint-Georges-de-Clarenceville
Noyan
Lacolle
Saint-Valentin
Saint-Paul-de-l'?le-aux-Noix
Henryville
Saint-S?bastien
Saint-Alexandre
Sainte-Anne-de-Sabrevois
Saint-Blaise-sur-Richelieu
Saint-Jean-sur-Richelieu
Mont-Saint-Gr?goire
Sainte-Brigide-d'Iberville
Chambly
Carignan
Saint-Basile-le-Grand
McMasterville
Otterburn Park
Saint-Jean-Baptiste
Mont-Saint-Hilaire
Beloeil
Saint-Mathieu-de-Beloeil
Saint-Marc-sur-Richelieu
Saint-Charles-sur-Richelieu
Saint-Denis-sur-Richelieu
Saint-Antoine-sur-Richelieu
Brossard
Saint-Lambert
Boucherville
Saint-Bruno-de-Montarville
Longueuil
Sainte-Julie
Saint-Amable
Varennes
Verch?res
Calixa-Lavall?e
Contrecoeur
Charlemagne
Repentigny
Saint-Sulpice
L'Assomption
L'?piphanie
L'?piphanie
Saint-Paul
Crabtree
Saint-Pierre
Joliette
Saint-Thomas
Notre-Dame-des-Prairies
Saint-Charles-Borrom?e
Saint-Ambroise-de-Kildare
Notre-Dame-de-Lourdes
Sainte-M?lanie
Saint-F?lix-de-Valois
Saint-Jean-de-Matha
Sainte-B?atrix
Saint-Alphonse-Rodriguez
Sainte-Marcelline-de-Kildare
Rawdon
Chertsey
Entrelacs
Notre-Dame-de-la-Merci
Saint-Donat
Saint-C?me
Sainte-?m?lie-de-l'?nergie
Saint-Damien
Saint-Z?non
Saint-Michel-des-Saints
Manawan
Lac-Minaki
Lac-Devenyns
Baie-de-la-Bouteille
Lac-Matawin
Lac-Legendre
Saint-Guillaume-Nord
Lac-des-Dix-Milles
Lac-Sant?
Baie-Obaoca
Lac-Cabasta
Baie-Atibenne
Lac-du-Taureau
Sainte-Marie-Salom?
Saint-Jacques
Saint-Alexis
Saint-Esprit
Saint-Roch-de-l'Achigan
Saint-Roch-Ouest
Saint-Lin--Laurentides
Saint-Calixte
Sainte-Julienne
Saint-Liguori
Terrebonne
Mascouche
Laval
Montr?al-Est
Montr?al
Westmount
Montr?al-Ouest
C?te-Saint-Luc
Hampstead
Mont-Royal
Dorval
L'?le-Dorval
Pointe-Claire
Kirkland
Beaconsfield
Baie-D'Urf?
Sainte-Anne-de-Bellevue
Senneville
Dollard-Des Ormeaux
Saint-Mathieu
Saint-Philippe
La Prairie
Candiac
Delson
Sainte-Catherine
Saint-Constant
Saint-Isidore
Mercier
Ch?teauguay
L?ry
Kahnawake
Saint-Bernard-de-Lacolle
Hemmingford
Hemmingford
Sainte-Clotilde
Saint-Patrice-de-Sherrington
Napierville
Saint-Cyprien-de-Napierville
Saint-Jacques-le-Mineur
Saint-?douard
Saint-Michel
Saint-R?mi
Havelock
Franklin
Saint-Chrysostome
Howick
Tr?s-Saint-Sacrement
Ormstown
Hinchinbrooke
Elgin
Huntingdon
Godmanchester
Sainte-Barbe
Saint-Anicet
Dundee
Akwesasne
Saint-Urbain-Premier
Sainte-Martine
Beauharnois
Saint-?tienne-de-Beauharnois
Saint-Louis-de-Gonzague
Saint-Stanislas-de-Kostka
Salaberry-de-Valleyfield
Rivi?re-Beaudette
Saint-T?lesphore
Saint-Polycarpe
Saint-Zotique
Les Coteaux
Coteau-du-Lac
Saint-Clet
Les C?dres
Pointe-des-Cascades
L'?le-Perrot
Notre-Dame-de-l'?le-Perrot
Pincourt
Terrasse-Vaudreuil
Vaudreuil-Dorion
Vaudreuil-sur-le-Lac
L'?le-Cadieux
Hudson
Saint-Lazare
Sainte-Marthe
Sainte-Justine-de-Newton
Tr?s-Saint-R?dempteur
Rigaud
Pointe-Fortune
Saint-Eustache
Deux-Montagnes
Sainte-Marthe-sur-le-Lac
Pointe-Calumet
Saint-Joseph-du-Lac
Oka
Saint-Placide
Kanesatake
Boisbriand
Sainte-Th?r?se
Blainville
Rosem?re
Lorraine
Bois des Filion
Sainte-Anne-des-Plaines
Mirabel
Saint-Colomban
Saint-J?r?me
Sainte-Sophie
Pr?vost
Saint-Hippolyte
Saint-Andr?-d'Argenteuil
Lachute
Gore
Mille-Isles
Wentworth
Brownsburg-Chatham
Grenville-sur-la-Rouge
Grenville
Harrington
Est?rel
Sainte-Marguerite-du-Lac-Masson
Sainte-Ad?le
Piedmont
Sainte-Anne-des-Lacs
Saint-Sauveur
Morin-Heights
Lac-des-Seize-?les
Wentworth-Nord
Saint-Adolphe-d'Howard
Val-Morin
Val-David
Lantier
Sainte-Lucie-des-Laurentides
Sainte-Agathe-des-Monts
Ivry-sur-le-Lac
Saint-Faustin--Lac-Carr?
Barkmere
Montcalm
Arundel
Huberdeau
Amherst
Br?beuf
Lac-Sup?rieur
Val-des-Lacs
Mont-Tremblant
La Conception
Labelle
Lac-Tremblant-Nord
La Minerve
Doncaster
Notre-Dame-du-Laus
Notre-Dame-de-Pontmain
Lac-du-Cerf
Saint-Aim?-du-Lac-des-?les
Kiamika
Nominingue
Rivi?re-Rouge
La Macaza
L'Ascension
Lac-Saguay
Chute-Saint-Philippe
Lac-des-?corces
Mont-Laurier
Ferme-Neuve
Lac-Saint-Paul
Mont-Saint-Michel
Sainte-Anne-du-Lac
Lac-de-la-Pomme
Lac-Akonapwehikan
Lac-Wagwabika
Lac-Bazinet
Lac-De La Bidi?re
Lac-Oscar
Lac-de-la-Maison-de-Pierre
Baie-des-Chaloupes
Lac-Douaire
Lac-Ernest
Lac-Marguerite
Fassett
Montebello
Notre-Dame-de-Bonsecours
Notre-Dame-de-la-Paix
Saint-Andr?-Avellin
Papineauville
Plaisance
Thurso
Lochaber
Lochaber-Partie-Ouest
Mayo
Saint-Sixte
Ripon
Mulgrave-et-Derry
Montpellier
Lac-Simon
Ch?n?ville
Namur
Boileau
Saint-?mile-de-Suffolk
Lac-des-Plages
Duhamel
Val-des-Bois
Bowman
Gatineau
L'Ange-Gardien
Notre-Dame-de-la-Salette
Val-des-Monts
Cantley
Chelsea
Pontiac
La P?che
Denholm
Low
Kazabazua
Lac-Sainte-Marie
Gracefield
Cayamant
Blue Sea
Bouchette
Sainte-Th?r?se-de-la-Gatineau
Messines
Maniwaki
D?l?age
Egan-Sud
Bois-Franc
Montcerf-Lytton
Aumond
Grand-Remous
Kitigan Zibi
Lac-Rapide
Lac-Pythonga
Cascades-Malignes
Lac-Len?tre
Lac-Moselle
D?p?t-?chouani
Bristol
Shawville
Clarendon
Portage-du-Fort
Bryson
Campbell's Bay
L'?le-du-Grand-Calumet
Litchfield
Thorne
Alleyn-et-Cawood
Otter Lake
Fort-Coulonge
Mansfield-et-Pontefract
Waltham
L'Isle-aux-Allumettes
Chichester
Sheenboro
Rapides-des-Joachims
Lac-Nilgaut
T?miscaming
Kipawa
Saint-?douard-de-Fabre
B?arn
Ville-Marie
Duhamel-Ouest
Lorrainville
Saint-Bruno-de-Guigues
Laverloch?re
Fug?reville
Latulipe-et-Gaboury
Belleterre
Laforce
Moffet
Angliers
Saint-Eug?ne-de-Guigues
Notre-Dame-du-Nord
Gu?rin
N?d?lec
R?migny
Kebaowek
Hunter's Point
Winneway
Timiskaming
Laniel
Les Lacs-du-T?miscamingue
Rouyn-Noranda
Duparquet
Rapide-Danseur
Roquemaure
Gallichan
Palmarolle
Sainte-Germaine-Boul?
Poularies
Taschereau
Authier
Macamic
Sainte-H?l?ne-de-Mancebourg
Clerval
La Reine
Dupuy
La Sarre
Chazel
Authier-Nord
Val-Saint-Gilles
Clermont
Norm?tal
Saint-Lambert
Lac-Duparquet
Rivi?re-Ojima
Champneuf
Rochebaucourt
La Morandi?re
Barraute
La Corne
Landrienne
Saint-Marc-de-Figuery
La Motte
Saint-Mathieu-d'Harricana
Amos
Saint-F?lix-de-Dalquier
Saint-Dominique-du-Rosaire
Berry
Tr?cesson
Launay
Sainte-Gertrude-Manneville
Preissac
Pikogan
Lac-Despinassy
Lac-Chicobi
Val-d'Or
Rivi?re-H?va
Malartic
Senneterre
Senneterre
Belcourt
Kitcisakik
Lac-Simon
Matchi-Manitou
Lac-Metei
R?servoir-Dozois
Lac-Granet
La Tuque
La Bostonnais
Lac-?douard
Wemotaci
Obedjiwan
Lac-Bouchette
Saint-Andr?-du-Lac-Saint-Jean
Saint-Fran?ois-de-Sales
Chambord
Roberval
Sainte-Hedwidge
Saint-Prime
Saint-F?licien
La Dor?
Mashteuiatsh
Lac-Ashuapmushuan
Saint-Augustin
P?ribonka
Sainte-Jeanne-d'Arc
Dolbeau-Mistassini
Albanel
Normandin
Saint-Thomas-Didyme
Saint-Edmond-les-Plaines
Girardville
Notre-Dame-de-Lorette
Saint-Eug?ne-d'Argentenay
Saint-Stanislas
Passes-Dangereuses
Rivi?re-Mistassini
Desbiens
M?tabetchouan--Lac-?-la-Croix
H?bertville
H?bertville-Station
Saint-Bruno
Saint-G?d?on
Alma
Saint-Nazaire
Labrecque
Lamarche
L'Ascension-de-Notre-Seigneur
Saint-Henri-de-Taillon
Sainte-Monique
Saint-Ludger-de-Milot
Mont-Apica
Lac-Moncouche
Lac-Achouakan
Belle-Rivi?re
Saguenay
Petit-Saguenay
L'Anse-Saint-Jean
Rivi?re-?ternit?
Ferland-et-Boilleau
Saint-F?lix-d'Otis
Sainte-Rose-du-Nord
Saint-Fulgence
Saint-Honor?
Saint-David-de-Falardeau
B?gin
Saint-Ambroise
Saint-Charles-de-Bourget
Larouche
Lalemant
Lac-Ministuk
Mont-Valin
Tadoussac
Sacr?-Coeur
Les Bergeronnes
Les Escoumins
Longue-Rive
Portneuf-sur-Mer
Forestville
Colombier
Essipit
Lac-au-Brochet
Baie-Trinit?
Godbout
Franquelin
Baie-Comeau
Pointe-Lebel
Pointe-aux-Outardes
Chute-aux-Outardes
Ragueneau
Pessamit
Rivi?re-aux-Outardes
Sept-?les
Port-Cartier
Fermont
Schefferville
Uashat
Maliotenam
Kawawachikamach
Matimekosh
Lac-John
Rivi?re-Nipissis
Lac-Walker
Rivi?re-Mouchalagane
Caniapiscau
Lac-Juillet
Lac-Vacher
Blanc-Sablon
Bonne-Esp?rance
Saint-Augustin
Gros-M?catina
C?te-Nord-du-Golfe-du-Saint-Laurent
L'?le-d'Anticosti
Natashquan
Aguanish
Baie-Johan-Beetz
Havre-Saint-Pierre
Longue-Pointe-de-Mingan
Rivi?re-Saint-Jean
Rivi?re-au-Tonnerre
Pakuashipi
La Romaine
Natashquan
Mingan
Lac-J?r?me
Petit-M?catina
Lebel-sur-Qu?villon
Waswanipi
Matagami
Chapais
Chibougamau
Mistissini
Waskaganish
Nemaska
Eastmain
Wemindji
Chisasibi
Eeyou Istchee Baie-James
Kawawachikamach
Whapmagoostui
Kuujjuarapik
Umiujaq
Inukjuak
Kangiqsualujjuaq
Kuujjuaq
Tasiujaq
Aupaluk
Kangirsuk
Quaqtaq
Puvirnituq
Akulivik
Kangiqsujuaq
Salluit
Ivujivik
Waswanipi
Mistissini
Waskaganish
Nemaska
Eastmain
Wemindji
Chisasibi
Whapmagoostui
Ouj?-Bougoumou
Kuujjuarapik
Umiujaq
Inukjuak
Akulivik
Salluit
Kangiqsujuaq
Quaqtaq
Kangirsuk
Aupaluk
Tasiujaq
Kuujjuaq
Kangiqsualujjuaq
Ivujivik
Rivi?re-Koksoak
Baie-d'Hudson
South Glengarry
Akwesasne (Part) 59
South Stormont
Cornwall
South Dundas
North Dundas
North Stormont
North Glengarry
East Hawkesbury
Hawkesbury
Champlain
Alfred and Plantagenet
The Nation
Clarence-Rockland
Casselman
Russell
Ottawa
Edwardsburgh/Cardinal
Augusta
Prescott
Elizabethtown-Kitley
Brockville
Front of Yonge
Leeds and the Thousand Islands
Gananoque
Westport
Rideau Lakes
Athens
Merrickville-Wolford
North Grenville
Montague
Smiths Falls
Drummond/North Elmsley
Tay Valley
Perth
Beckwith
Carleton Place
Mississippi Mills
Lanark Highlands
Frontenac Islands
Kingston
South Frontenac
Central Frontenac
North Frontenac
Loyalist
Greater Napanee
Stone Mills
Addington Highlands
Tyendinaga
Deseronto
Tyendinaga Mohawk Territory
Belleville
Quinte West
Stirling-Rawdon
Centre Hastings
Tweed
Madoc
Marmora and Lake
Tudor and Cashel
Limerick
Wollaston
Faraday
Bancroft
Carlow/Mayo
Hastings Highlands
Prince Edward County
Brighton
Cramahe
Hamilton
Port Hope
Cobourg
Alnwick/Haldimand
Alderville First Nation
Trent Hills
Asphodel-Norwood
Otonabee-South Monaghan
Hiawatha First Nation
Cavan Monaghan
Peterborough
Selwyn
Curve Lake First Nation 35
Douro-Dummer
Havelock-Belmont-Methuen
North Kawartha
Trent Lakes
Kawartha Lakes
Pickering
Ajax
Whitby
Oshawa
Clarington
Scugog
Mississaugas of Scugog Island
Uxbridge
Brock
Vaughan
Markham
Richmond Hill
Whitchurch-Stouffville
Aurora
Newmarket
King
East Gwillimbury
Georgina
Chippewas of Georgina Island First Nation
Toronto
Mississauga
Brampton
Caledon
East Garafraxa
Amaranth
Grand Valley
Mono
Orangeville
Mulmur
Melancthon
Shelburne
Puslinch
Guelph
Guelph/Eramosa
Erin
Centre Wellington
Mapleton
Minto
Wellington North
Oakville
Burlington
Milton
Halton Hills
Hamilton
Fort Erie
Port Colborne
Wainfleet
West Lincoln
Pelham
Welland
Thorold
Niagara Falls
Niagara-on-the-Lake
St. Catharines
Lincoln
Grimsby
Haldimand County
New Credit (Part) 40A
Six Nations (Part) 40
Norfolk County
Brant
Brantford
Six Nations (Part) 40
New Credit (Part) 40A
North Dumfries
Cambridge
Kitchener
Waterloo
Wilmot
Wellesley
Woolwich
Stratford
Perth South
St. Marys
West Perth
Perth East
North Perth
Norwich
Tillsonburg
South-West Oxford
Ingersoll
Zorra
East Zorra-Tavistock
Woodstock
Blandford-Blenheim
Bayham
Malahide
Aylmer
Central Elgin
St. Thomas
Southwold
Dutton/Dunwich
West Elgin
Chatham-Kent
Moravian 47
Pelee
Leamington
Kingsville
Essex
Amherstburg
LaSalle
Windsor
Tecumseh
Lakeshore
St. Clair
Walpole Island 46
Dawn-Euphemia
Brooke-Alvinston
Enniskillen
Oil Springs
Petrolia
Sarnia 45
Sarnia
Point Edward
Plympton-Wyoming
Lambton Shores
Warwick
Kettle Point 44
Newbury
Southwest Middlesex
Strathroy-Caradoc
Chippewas of the Thames First Nation 42
Munsee-Delaware Nation 1
Oneida 41
Thames Centre
Middlesex Centre
London
North Middlesex
Adelaide-Metcalfe
Lucan Biddulph
South Huron
Bluewater
Central Huron
Goderich
Huron East
Howick
Morris-Turnberry
North Huron
Ashfield-Colborne-Wawanosh
South Bruce
Huron-Kinloss
Kincardine
Brockton
Arran-Elderslie
Saugeen Shores
South Bruce Peninsula
Chief's Point No. 28
Saugeen 29
Neyaashiinigmiing 27
Northern Bruce Peninsula
West Grey
Southgate
Grey Highlands
Hanover
Chatsworth
The Blue Mountains
Meaford
Georgian Bluffs
Owen Sound
Adjala-Tosorontio
Clearview
New Tecumseth
Springwater
Bradford West Gwillimbury
Severn
Innisfil
Ramara
Essa
Oro-Medonte
Collingwood
Barrie
Mnjikaning First Nation 32
Orillia
Wasaga Beach
Tiny
Christian Island 30
Christian Island 30A
Tay
Penetanguishene
Midland
Gravenhurst
Bracebridge
Lake of Bays
Huntsville
Muskoka Lakes
Georgian Bay
Wahta Mohawk Territory
Moose Point 79
Highlands East
Minden Hills
Algonquin Highlands
Dysart et al
Arnprior
McNab/Braeside
Greater Madawaska
"Brudenell, Lyndoch and Raglan"
Madawaska Valley
"Killaloe, Hagarty and Richards"
Bonnechere Valley
Pikwakanagan (Golden Lake 39)
Admaston/Bromley
Horton
Renfrew
Whitewater Region
Pembroke
North Algona Wilberforce
Laurentian Valley
Petawawa
Laurentian Hills
Deep River
"Head, Clara and Maria"
South Algonquin
Papineau-Cameron
Mattawan
Mattawa
Calvin
Bonfield
Chisholm
East Ferris
North Bay
West Nipissing
Temagami
Bear Island 1
Nipissing 10
"Nipissing, Unorganized, South Part"
"Nipissing, Unorganized, North Part"
Seguin
The Archipelago
McMurrich/Monteith
Perry
Kearney
Armour
Burk's Falls
Ryerson
McKellar
McDougall
Parry Sound
Carling
Whitestone
Magnetawan
Strong
Sundridge
Joly
Machar
South River
Powassan
Callander
Nipissing
Shawanaga 17
Parry Island First Nation
Henvey Inlet 2
French River 13
Dokis 9
Magnetewan 1
"Parry Sound, Unorganized, North East Part"
"Parry Sound, Unorganized, Centre Part"
Tehkummah
Central Manitoulin
Assiginack
Northeastern Manitoulin and the Islands
Billings
Gore Bay
Gordon/Barrie Island
Burpee and Mills
Cockburn Island
Whitefish River (Part) 4
Sucker Creek 23
Sheguiandah 24
Wikwemikong Unceded
Sheshegwaning 20
M'Chigeeng 22 (West Bay 22)
"Manitoulin, Unorganized, West Part"
Zhiibaahaasing 19A (Cockburn Island 19A)
French River
St.-Charles
Markstay-Warren
Sables-Spanish Rivers
Espanola
Baldwin
Nairn and Hyman
Killarney
Whitefish Lake 6
Mattagami 71
Chapleau 74A
Duck Lake 76B
Chapleau 75
Chapleau
"Sudbury, Unorganized, North Part"
Greater Sudbury
Wahnapitei 11
Coleman
Latchford
Cobalt
Harris
Temiskaming Shores
Hudson
Kerns
Harley
Casey
Brethour
Hilliard
Armstrong
Thornloe
James
Charlton and Dack
Evanturel
Englehart
Chamberlain
Matachewan
Matachewan 72
McGarry
Larder Lake
Gauthier
Kirkland Lake
"Timiskaming, Unorganized, East Part"
"Timiskaming, Unorganized, West Part"
Black River-Matheson
Timmins
Iroquois Falls
Abitibi 70
Cochrane
Smooth Rock Falls
Fauquier-Strickland
Moonbeam
Kapuskasing
Val Rita-Harty
Opasatika
Hearst
Mattice-Val C?t?
"Cochrane, Unorganized, South West Part"
"Cochrane, Unorganized, North Part"
Fort Albany (Part) 67
Factory Island 1
Constance Lake 92
Moose Factory 68
"Cochrane, Unorganized, South East Part"
Flying Post 73
New Post 69A
Moosonee
Jocelyn
Hilton
Hilton Beach
St. Joseph
Laird
Tarbutt and Tarbutt Additional
Johnson
Plummer Additional
Bruce Mines
Thessalon 12
Thessalon
Huron Shores
Blind River
Spanish
The North Shore
Elliot Lake
"Macdonald, Meredith and Aberdeen Additional"
Sault Ste. Marie
Prince
Sagamok
Serpent River 7
Mississagi River 8
Garden River 14
Rankin Location 15D
Wawa
Goulais Bay 15A
Gros Cap 49
Dubreuilville
White River
"Algoma, Unorganized, South East Part"
"Algoma, Unorganized, North Part"
Hornepayne
Neebing
Fort William 52
Thunder Bay
Oliver Paipoonge
Gillies
O'Connor
Conmee
Shuniah
Dorion
Red Rock
Nipigon
Schreiber
Terrace Bay
Marathon
Pic Mobert North
Pic Mobert South
Pic River 50
Pays Plat 51
Lake Helen 53A
Gull River 55
Manitouwadge
Ginoogaming First Nation
Long Lake 58
Rocky Bay 1
Greenstone
Aroland 83
Lake Nipigon
Ojibway Nation of Saugeen (Savant Lake)
Osnaburgh 63A
"Thunder Bay, Unorganized"
Seine River 22A2
Whitesand
Lac des Mille Lacs 22A1
Atikokan
Alberton
Fort Frances
La Vallee
Emo
Chapple
Manitou Rapids 11
Long Sault 12
Morley
Dawson
Rainy River
Lake of the Woods
Sabaskong Bay (Part) 35C
Big Grassy River 35G
Big Island Mainland 93
Saug-a-Gaw-Sing 1
Neguaguon Lake 25D
Rainy Lake 18C
Agency 1
Couchiching 16A
Rainy Lake 26A
Seine River 23B
Seine River 23A
Rainy Lake 17A
Rainy Lake 17B
"Rainy River, Unorganized"
Ignace
Whitefish Bay 32A
Whitefish Bay 33A
Sabaskong Bay (Part) 35C
Sioux Narrows-Nestor Falls
Kenora
Machin
Eagle Lake 27
Dryden
Ear Falls
Sioux Lookout
Red Lake
Slate Falls
Pickle Lake
Fort Albany (Part) 67
Attawapiskat 91A
Marten Falls 65
Fort Hope 64
Cat Lake 63C
Osnaburgh 63B
Lac Seul 28
Wabigoon Lake 27
English River 21
Weagamow Lake 87
Northwest Angle 33B
Wabaseemoong
Sabaskong Bay 35D
Shoal Lake 34B2
Lake Of The Woods 37
Kenora 38B
Poplar Hill
Shoal Lake (Part) 39A
Rat Portage 38A
Deer Lake
Sandy Lake 88
Kitchenuhmaykoosib Aaki 84 (Big Trout Lake)
Sachigo Lake 1
Pikangikum 14
Fort Severn 89
Webequie
North Spirit Lake
Lansdowne House
Shoal Lake (Part) 40
Whitefish Bay 34A
Wabauskang 21
Wunnumin 1
Summer Beaver
Wapekeka 2
The Dalles 38C
"Kenora, Unorganized"
Peawanuck
Neskantaga
Bearskin Lake
Kasabonika Lake
Muskrat Dam Lake
Kingfisher Lake 1
Wawakapewin (Long Dog Lake)
McDowell Lake
Kee-Way-Win
Stuartburn
Piney
Reynolds
Whitemouth
Pinawa
Lac du Bonnet
Lac du Bonnet
Buffalo Point 36
Alexander
Powerview-Pine Falls
Victoria Beach
Shoal Lake (Part) 40
Shoal Lake (Part) 39A
"Division No.  1, Unorganized"
Emerson-Franklin
Roseau Rapids 2A
Roseau River 2
De Salaberry
St-Pierre-Jolys
Hanover
Steinbach
Niverville
La Broquerie
Ste. Anne
Ste. Anne
Tach?
Ritchot
Montcalm
Altona
Rhineland
Stanley
Winkler
Morden
Thompson
Roland
Morris
Morris
Dufferin
Carman
Pembina
Louise
Cartwright-Roblin
Argyle
Lorne
Swan Lake  7
Killarney - Turtle Mountain
Boissevain-Morton
Deloraine-Winchester
Brenda-Waskada
Melita
Two Borders
Grassland
Prairie Lakes
Sifton
Pipestone
Canupawakpa Dakota First Nation (Oak Lake 59)
Wallace-Woodworth
Virden
Sioux Valley Dakota Nation
Glenboro-South Cypress
Oakland-Wawanesa
Souris-Glenwood
Whitehead
Cornwallis
Brandon
North Cypress-Langford
Carberry
Elton
Riverdale
Norfolk-Treherne
Victoria
North Norfolk
Glenella-Lansdowne
WestLake-Gladstone
Sandy Bay 5
Grey
Portage la Prairie
Long Plain (Part) 6
Dakota Plains 6A
Dakota Tipi 1
Portage la Prairie
Macdonald
Cartier
St. Fran?ois Xavier
Winnipeg
Headingley
Springfield
Brokenhead
Beausejour
East St. Paul
West St. Paul
St. Andrews
Selkirk
Dunnottar
St. Clements
Brokenhead 4
Rosser
Woodlands
Rockwood
Stonewall
Teulon
Neepawa
Oakview
Hamiota
Birdtail Creek 57
Ellice-Archie
Gambler 63 (Part)
Prairie View
Yellowhead
Keeseekoowenin 61
Harrison Park
Rolling River 67
Rolling River 67B
Minto-Odanah
Minnedosa
Rosedale
Clanwilliam-Erickson
Rossburn
Waywayseecappo First Nation
Riding Mountain West
Gambler 63 (Part)
Russell-Binscarth
Valley River 63A
Hillsburg-Roblin-Shell River
Alonsa
Ebb and Flow 52
McCreary
Ste. Rose
Dauphin
Dauphin
Gilbert Plains
Grandview
Ethelbert
Mossey River
Lakeshore
"Division No. 17, Unorganized"
Gimli
Winnipeg Beach
Armstrong
St. Laurent
Coldwell
Dog Creek 46
West Interlake
Grahamdale
Little Saskatchewan 48
Fairford (Part) 50
Fisher
Arborg
Bifrost-Riverton
"Division No. 18, Unorganized, East Part"
"Division No. 18, Unorganized, West Part"
"Division No. 19, Unorganized"
Fort Alexander 3
Little Grand Rapids 14
Bloodvein 12
Hole or Hollow Water 10
Black River 9
Fisher River 44
Fisher River 44A
Peguis 1B
Fairford (Part) 50
Jackhead 43
Dauphin River 48A
The Narrows 49
Crane River 51
Waterhen 45
Pine Creek 66A
Swan Lake 65C
Shoal River Indian Reserve 65A
Poplar River 16
Berens River 13
Pauingassi First Nation
Chemawawin 3
Mountain (South)
Swan Valley West
Swan River
Minitonas-Bowsman
Mountain (North)
"Division No. 20, Unorganized, South Part"
"Division No. 20, Unorganized, North Part"
Grand Rapids
Grand Rapids 33
Chemawawin 2
Opaskwayak Cree Nation 21A
Opaskwayak Cree Nation 21B
Opaskwayak Cree Nation 21C
Opaskwayak Cree Nation 21I
Opaskwayak Cree Nation 21E
The Pas
Kelsey
Moose Lake 31A
Flin Flon (Part)
Snow Lake
"Division No. 21, Unorganized"
Mystery Lake
Thompson
"Division No. 22, Unorganized"
Garden Hill First Nation
God's Lake 23
Oxford House 24
Cross Lake 19
Cross Lake 19A
God's River 86A
Red Sucker Lake 1976
Norway House 17
Nelson House 170
Split Lake (Part) 171
Ilford
York Landing
Cross Lake 19E
Wasagamack
St. Theresa Point
Mooseocoot
Gillam
Gillam
Fox Lake 2
Leaf Rapids
South Indian Lake
Granville Lake
Lynn Lake
Churchill
Churchill 1
Split Lake (Part) 171
"Division No. 23, Unorganized"
Pukatawagan 198
Brochet 197
Lac Brochet 197A
Shamattawa 1
Black Sturgeon
Argyle No. 1
Gainsborough
Carievale
Mount Pleasant No. 2
Carnduff
Enniskillen No. 3
Glen Ewen
Oxbow
Coalfields No. 4
Frobisher
North Portal
Roche Perc?e
Bienfait
Estevan No. 5
Estevan
Benson No. 35
Browning No. 34
Lampman
Moose Creek No. 33
Alameda
Reciprocity No. 32
Alida
Storthoaks No. 31
Storthoaks
Antler No. 61
Redvers
Moose Mountain No. 63
Manor
Carlyle
Brock No. 64
Arcola
Kisbey
Tecumseh No. 65
Forget
Stoughton
Heward
Golden West No. 95
Hazelwood No. 94
Wawken No. 93
Kennedy
Wawota
Kenosee Lake
Walpole No. 92
Maryfield No. 91
Maryfield
Fairlight
White Bear 70
Ocean Man 69
Ocean Man 69A
Ocean Man 69C
Ocean Man 69E
Ocean Man 69F
Ocean Man 69G
Ocean Man 69I
Ocean Man 69H
Ocean Man 69D
Pheasant Rump Nakota 68
Cambria No. 6
Torquay
Souris Valley No. 7
Tribune
Lake Alma No. 8
Lake Alma
Surprise Valley No. 9
Minton
Happy Valley No. 10
Bengough
Bengough No. 40
The Gap No. 39
Ceylon
Laurier No. 38
Radville
Lomond No. 37
Goodwater
Cymri No. 36
Halbrite
Midale
Macoun
Griffin No. 66
Weyburn No. 67
Weyburn
McTaggart
Brokenshell No. 68
Norton No. 69
Pangman
Key West No. 70
Ogema
Elmsthorpe No. 100
Avonlea
Caledonia No. 99
Milestone
Scott No. 98
Lang
Yellow Grass
Wellington No. 97
Fillmore No. 96
Osage
Fillmore
Creelman
Piapot Cree First Nation 75H
Hart Butte No. 11
Coronach
Poplar Valley No. 12
Rockglen
Old Post No. 43
Wood Mountain
Glen McPherson No. 46
Mankota No. 45
Mankota
Waverley No. 44
Willow Bunch No. 42
Willow Bunch
Excel No. 71
Lake of the Rivers No. 72
Assiniboia
Stonehenge No. 73
Limerick
Wood River No. 74
Lafleche
Pinto Creek No. 75
Kincaid
Hazenmore
Auvergne No. 76
Ponteix
Whiska Creek No. 106
Neville
Vanguard
Glen Bain No. 105
Gravelbourg No. 104
Gravelbourg
Sutton No. 103
Mossbank
Lake Johnston No. 102
Terrell No. 101
Wood Mountain 160
Val Marie
Val Marie No. 17
Lone Tree No. 18
Bracken
Climax
Frontier No. 19
Frontier
Reno No. 51
Consul
White Valley No. 49
Eastend
Wise Creek No. 77
Cadillac
Grassy Creek No. 78
Shaunavon
Arlington No. 79
Maple Creek No. 111
Maple Creek
Piapot No. 110
Carmichael No. 109
Carmichael
Bone Creek No. 108
Lac Pelletier No. 107
Nekaneet Cree Nation
Moosomin No. 121
Fleming
Moosomin
Welwyn
Martin No. 122
Wapella
Silverwood No. 123
Kingsley No. 124
Kipling
Chester No. 125
Windthorst
Glenavon
Wolseley
Wolseley No. 155
Elcapo No. 154
Grenfell
Broadview
Willowdale No. 153
Whitewood
Rocanville No. 151
Rocanville
Spy Hill No. 152
Tantallon
Spy Hill
Gerald
Langenburg No. 181
Langenburg
Yarbo
West End
Fertile Belt No. 183
Esterhazy
Atwater
Bangor
Bird's Point
Stockholm
Grayson No. 184
Dubuc
Grayson
Melville Beach
Waldron
Killaly
McLeod No. 185
Neudorf
Lemberg
Stanley No. 215
Duff
Goodeve
Fenwood
Cana No. 214
Melville
Saltcoats No. 213
Saltcoats
Bredenbury
Churchbridge No. 211
Churchbridge
MacNutt
Cowessess 73
Kahkewistahaw 72
Sakimay 74
Ochapowace 71
Shesheep 74A
Little Bone 74B
Ochapowace 71-10
Ochapowace 71-54
Ochapowace 71-26
Ochapowace 71-70
Ochapowace 71-7
Ochapowace 71-18
Ochapowace 71-51
Ochapowace 71-44
Montmartre No. 126
Montmartre
Kendal
Francis No. 127
Odessa
Vibank
Sedley
Francis
Lajord No. 128
Bratt's Lake No. 129
Wilcox
Redburn No. 130
Rouleau
Briercrest
Drinkwater
Pense No. 160
Belle Plaine
Pense
Sherwood No. 159
Regina
Grand Coulee
Edenwold No. 158
White City
Pilot Butte
Balgonie
Edenwold
South Qu'Appelle No. 157
Qu'Appelle
McLean
Indian Head No. 156
Indian Head
Sintaluta
Abernethy No. 186
Fort San
Abernethy
Balcarres
North Qu'Appelle No. 187
Lebret
Katepwa
Fort Qu'Appelle
B-Say-Tah
Lumsden No. 189
Disley
Buena Vista
Lumsden
Lumsden Beach
Regina Beach
Dufferin No. 190
Wee Too Beach
Bethune
Findlater
Sarnia No. 221
Chamberlain
Alice Beach
Holdfast
Dilke
Grandview Beach
Longlaketon No. 219
McKillop No. 220
Saskatchewan Beach
Bulyea
Strasbourg
Kannata Valley
Sunset Cove
Silton
Craven
Earl Grey
Glen Harbour
North Grove
Pelican Pointe
Island View
Cupar No. 218
Southey
Markinch
Cupar
Lipton No. 217
Dysart
Lipton
Tullymet No. 216
Piapot 75
Assiniboine 76
Standing Buffalo 78
Pasqua 79
Muscowpetung 80
Little Black Bear 84
Okanese 82
Peepeekisis 81
Star Blanket 83
Wa-Pii Moos-Toosis (White Calf) 83A
Star Blanket 83C
Treaty Four Reserve Grounds 77
Baildon No. 131
Hillsborough No. 132
Rodgers No. 133
Coderre
Shamrock No. 134
Shamrock
Lawtonia No. 135
Hodgeville
Coulee No. 136
Beaver Flat
Excelsior No. 166
Waldeck
Rush Lake
Morse No. 165
Herbert
Morse
Ernfold
Chaplin No. 164
Chaplin
Wheatlands No. 163
Mortlach
Caron No. 162
Caronport
Moose Jaw No. 161
Moose Jaw
Marquis No. 191
Tuxford
Marquis
Sun Valley
Keeler
Eyebrow No. 193
Brownlee
Eyebrow
South Lake
Enfield No. 194
Central Butte
Canaan No. 225
Lucky Lake
Beechy
Victory No. 226
King George No. 256
Coteau No. 255
Coteau Beach
Maple Bush No. 224
Riverhurst
Mistusinne
Huron No. 223
Tugaske
Craik No. 222
Craik
Aylesbury
Swift Current No. 137
Swift Current
Webb No. 138
Webb
Gull Lake No. 139
Gull Lake
Tompkins
Big Stick No. 141
Golden Prairie
Enterprise No. 142
Richmound
Fox Valley No. 171
Fox Valley
Pittville No. 169
Hazlet
Riverside No. 168
Cabri
Pennant
Success
Saskatchewan Landing No. 167
Stewart Valley
Lacadena No. 228
Kyle
Miry Creek No. 229
Abbey
Lancer
Clinworth No. 230
Sceptre
Happyland No. 231
Prelate
Leader
Mendham
Deer Forks No. 232
Burstall
Chesterfield No. 261
Eatonia
Newcombe No. 260
Snipe Lake No. 259
Eston
Monet No. 257
Elrose
Calder No. 241
Calder
Wallace No. 243
Rhein
Orkney No. 244
Yorkton
Ebenezer
Springside
Garry No. 245
Insinger No. 275
Sheho
Theodore
Good Lake No. 274
Canora
Sliding Hills No. 273
Cote No. 271
Togo
Kamsack
St. Philips No. 301
Pelly
Keys No. 303
Buchanan No. 304
Buchanan
Invermay No. 305
Rama
Invermay
Hazel Dell No. 335
Lintlaw
Preeceville No. 334
Preeceville
Endeavour
Sturgis
Clayton No. 333
Stenen
Hyas
Norquay
Livingston No. 331
Arran
Cote 64
Keeseekoose 66
The Key 65
Keeseekoose 66A
Keeseekoose 66-CA-04
Keeseekoose 66-CA-05
Keeseekoose 66-CA-06
Keeseekoose 66-KE-04
Keeseekoose 66-KE-05
Hubbard
Ituna Bon Accord No. 246
Ituna
Kellross No. 247
Kelliher
Leross
Lestock
Touchwood No. 248
Semans
Mount Hope No. 279
Raymore
Quinton
Punnichy
Emerald No. 277
Chorney Beach
Leslie Beach
Foam Lake No. 276
Foam Lake
Elfros No. 307
Elfros
Big Quill No. 308
Wynyard
Dafoe
Prairie Rose No. 309
Jansen
Leroy No. 339
Leroy
Lakeside No. 338
Watson
Quill Lake
Lakeview No. 337
Wadena
Sasman No. 336
Margo
Muskowekwan 85
Gordon 86
Day Star 87
Poorman 88
Fishing Lake 89
Beardy's and Okemasis 96 and 97A
Muskowekwan 85-17
Muskowekwan 85-26
Muskowekwan 85-33
Muskowekwan 85-28
Muskowekwan 85-29
Muskowekwan 85-23
Muskowekwan 85-12
Muskowekwan 85-24
Muskowekwan 85-22
Muskowekwan 85-27
Muskowekwan 85-10
Muskowekwan 85-1
Muskowekwan 85-8
Muskowekwan 85-15
Muskowekwan 85-2A
Muskowekwan 85-31
Fishing Lake 89A
Duval
Last Mountain Valley No. 250
Govan
Big Arm No. 251
Etters Beach
Imperial
Liberty
Arm River No. 252
Davidson
Willner No. 253
Loreburn No. 254
Elbow
Loreburn
Strongfield
Hawarden
Rudy No. 284
Outlook
Broderick
Glenside
Rosedale No. 283
Hanley
McCraney No. 282
Kenaston
Bladworth
Wood Creek No. 281
Simpson
Wreford No. 280
Nokomis
Usborne No. 310
Drake
Lanigan
Morris No. 312
Watrous
Manitou Beach
Young
Zelma
Lost River No. 313
Thode
Dundurn No. 314
Dundurn
Shields
Corman Park No. 344
Saskatoon
Langham
Warman
Blucher No. 343
Martensville
Bradwell
Allan
Dalmeny
Osler
Colonsay No. 342
Clavet
Meacham
Colonsay
Viscount No. 341
Viscount
Plunkett
Wolverine No. 340
Whitecap
Pleasant Valley No. 288
St. Andrews No. 287
Rosetown
Zealandia
Milden No. 286
Milden
Wiseton
Dinsmore
Macrorie
Fertile Valley No. 285
Conquest
Montrose No. 315
Harris No. 316
Tessier
Harris
Marriott No. 317
Mountain View No. 318
Biggar No. 347
Biggar
Perdue No. 346
Perdue
Kinley
Vanscoy No. 345
Delisle
Vanscoy
Asquith
Eagle Creek No. 376
Glenside No. 377
Rosemount No. 378
Battle River No. 438
Battleford
Red Pheasant 108
Mosquito 109
Grizzly Bear's Head 110 and Lean Man 111
Sweet Grass 113
Sweet Grass 113-M16
Brock
Netherhill
Kindersley No. 290
Kindersley
Flaxcombe
Milton No. 292
Marengo
Antelope Park No. 322
Prairiedale No. 321
Major
Smiley
Oakdale No. 320
Coleville
Winslow No. 319
Dodsland
Plenty
Grandview No. 349
Mariposa No. 350
Tramping Lake
Progress No. 351
Kerrobert
Luseland
Heart's Hill No. 352
Eye Hill No. 382
Macklin
Primate
Denzil
Grass Lake No. 381
Tramping Lake No. 380
Scott
Reford No. 379
Landis
Buffalo No. 409
Wilkie
Round Valley No. 410
Unity
Senlac No. 411
Senlac
Manitou Lake No. 442
Marsden
Hillsdale No. 440
Neilburg
Cut Knife No. 439
Cut Knife
Poundmaker 114
Little Pine 116
Hudson Bay No. 394
Hudson Bay
Porcupine No. 395
Porcupine Plain
Weekes
Kelvington No. 366
Kelvington
Ponass Lake No. 367
Rose Valley
Fosston
Spalding No. 368
Spalding
Pleasantdale
Naicam
Barrier Valley No. 397
Pleasantdale No. 398
Archerwill
Bjorkdale No. 426
Mistatim
Bjorkdale
Tisdale No. 427
Tisdale
Star City No. 428
Valparaiso
Star City
Melfort
Willow Creek No. 458
Connaught No. 457
Ridgedale
Arborfield No. 456
Zenon Park
Arborfield
Moose Range No. 486
Tobin Lake
Carrot River
Nipawin No. 487
Aylsham
Codette
Nipawin
Torch River No. 488
White Fox
Love
Choiceland
Smeaton
Shoal Lake 28A
Red Earth 29
Yellowquill 90
Kinistin 91
Yellow Quill 90-9
Carrot River 29A
Opaskwayak Cree Nation 27A (Carrot River)
St. Peter No. 369
Englefeld
St. Gregor
Muenster
Annaheim
Lake Lenore
Humboldt No. 370
Humboldt
Bayne No. 371
Bruno
Grant No. 372
Prud'Homme
Vonda
Aberdeen No. 373
Aberdeen
Laird No. 404
Hepburn
Waldheim
Laird
Rosthern No. 403
Rosthern
Hague
Fish Creek No. 402
Alvena
Hoodoo No. 401
Cudworth
Wakaw
Wakaw Lake
Three Lakes No. 400
Pilger
St. Benedict
Middle Lake
Lake Lenore No. 399
St. Brieux
Flett's Springs No. 429
Beatty
Invergordon No. 430
St. Louis No. 431
St. Louis
Duck Lake No. 463
Duck Lake
Prince Albert No. 461
Prince Albert
Birch Hills No. 460
Birch Hills
Candle Lake
Kinistino No. 459
Weldon
Kinistino
Lakeland No. 521
Christopher Lake
Garden River No. 490
Albertville
Weirdale
Meath Park
Buckland No. 491
Paddockwood
Paddockwood No. 520
One Arrow 95
Beardy's 97 and Okemasis 96
Muskoday First Nation
Wahpaton 94A
James Smith 100
Cumberland 100A
Little Red River 106C
Montreal Lake 106B
One Arrow 95-1C
Beardy's and Okemasis 96 and 97B
One Arrow 95-1D
One Arrow 95-1A
Denholm
Ruddell
Maymont
Mayfield No. 406
Great Bend No. 405
Radisson
Borden
Blaine Lake No. 434
Marcelin
Blaine Lake
Redberry No. 435
Krydor
Hafford
Douglas No. 436
Speers
Richard
North Battleford
North Battleford No. 437
North Battleford
Round Hill No. 467
Meeting Lake No. 466
Leask No. 464
Leask
Pebble Baye
Parkside
Shellbrook No. 493
Shellbrook
Canwood No. 494
Canwood
Prince Albert National Park
Debden
Spiritwood No. 496
Shell Lake
Spiritwood
Big Shell
Echo Bay
Leoville
Medstead No. 497
Medstead
Big River
Big River No. 555
Chitek Lake
Muskeg Lake Cree Nation 102
Mistawasis 103
Sturgeon Lake 101
Little Red River 106D
Big River 118
Ahtahkakoop 104
Saulteaux 159A
Witchekan Lake 117
Chitek Lake 191
Lucky Man
Muskeg Lake 102B
Pelican Lake 191B
Witchekan Lake 117D
Muskeg Lake 102E
Muskeg Lake 102F
Muskeg Lake 102G
Muskeg Lake 102D
Sweet Grass 113-L6
Pelican Lake 191A
Meota No. 468
Cochin
Metinota
Aquadeo
Meota
Turtle River No. 469
Edam
Paynton No. 470
Paynton
Eldon No. 471
Maidstone
Waseca
Wilton No. 472
Lashburn
Marshall
Britannia No. 502
Lloydminster (Part)
Frenchman Butte No. 501
Paradise Hill
St. Walburg
Mervin
Turtleford
Kivimaa-Moonlight Bay
Mervin No. 499
Parkdale No. 498
Glaslyn
Meadow Lake
Greig Lake
Meadow Lake No. 588
Dorintosh
Loon Lake No. 561
Makwa
Loon Lake
Beaver River No. 622
Goodsoil
Pierceland
Seekaskootch 119
Makaoo (Part) 120
Thunderchild First Nation 115B
Thunderchild First Nation 115C
Flying Dust First Nation 105 (Meadow Lake 105)
Waterhen 130
Makwa Lake 129B
Makwa Lake 129
Ministikwan 161
Ministikwan 161A
Big Island Lake Cree Territory
Moosomin 112B
Saulteaux 159
Makwa Lake 129C
Eagles Lake 165C
Meadow Lake 105A
Onion Lake 119-1
Min-A-He-Quo-Sis 116C
Cumberland House
Timber Bay
Weyakwin
Green Lake
Dore Lake
Cole Bay
Jans Bay
Beauval
La Ronge
Air Ronge
Denare Beach
Creighton
Flin Flon (Part)
Pelican Narrows
Sandy Bay
Missinipe
Pinehouse
?le-?-la-Crosse
Patuanak
Buffalo Narrows
St. George's Hill
Michel Village
La Loche
Turnor Lake
"Division No. 18, Unorganized"
Stony Rapids
Cumberland House Cree Nation 20
Montreal Lake 106
Stanley 157
Wapaskokimaw 202
La Plonge 192
Morin Lake 217
Lac La Ronge 156
Sucker River 156C (Nemebien River 156C)
Kitsakie 156B
Four Portages 157C
Wapachewunak 192D
Canoe Lake 165
Buffalo River Dene Nation 193 (Peter Pond Lake 193)
Turnor Lake 193B
Pelican Narrows 184B
Sturgeon Weir 184F
Southend 200
Chicken 225
Fond du Lac 227
Brabant Lake
Southend No. 200A
Chicken 224
Clearwater River Dene Band 223
Grandmother's Bay 219
Lac La Hache 220
Clearwater River Dene 222
Little Hills 158
Little Hills 158B
Kimosom Pwatinahk 203 (Deschambault Lake)
Kinoosao-Thomas Clark 204
Cypress County
Medicine Hat
Forty Mile County No. 8
Foremost
Bow Island
Redcliff
Warner County No. 5
Coutts
Milk River
Warner
Raymond
Stirling
Lethbridge County
Lethbridge
Coalhurst
Nobleford
Barons
Picture Butte
Coaldale
Taber
Taber
Barnwell
Vauxhall
Newell County
Brooks
Duchess
Rosemary
Bassano
Cardston County
Magrath
Improvement District No.  4 Waterton
Cardston
Glenwood
Hill Spring
Pincher Creek No. 9
Pincher Creek
Cowley
Willow Creek No. 26
Fort Macleod
Granum
Claresholm
Stavely
Nanton
Piikani 147
Blood 148
Blood 148A
Acadia No. 34
Special Area No. 2
Empress
Hanna
Special Area No. 3
Oyen
Cereal
Youngstown
Special Area No. 4
Veteran
Consort
Vulcan County
Carmangay
Champion
Vulcan
Lomond
Milo
Arrowwood
Wheatland County
Strathmore
Hussar
Standard
Rockyford
Drumheller
Starland County
Delia
Munson
Morrin
Kneehill County
Carbon
Acme
Linden
Three Hills
Trochu
Siksika 146
Foothills No. 31
High River
Longview
Turner Valley
Black Diamond
Okotoks
Rocky View County
Calgary
Chestermere
Cochrane
Airdrie
Irricana
Beiseker
Crossfield
Mountain View County
Carstairs
Cremona
Didsbury
Olds
Sundre
Eden Valley 216
Tsuu T'ina Nation 145 (Sarcee 145)
Provost No. 52
Provost
Czar
Hughenden
Amisk
Paintearth County No. 18
Coronation
Castor
Halkirk
Stettler County No. 6
Big Valley
Gadsby
Botha
Stettler
White Sands
Rochon Sands
Donalda
Flagstaff County
Alliance
Forestburg
Heisler
Daysland
Killam
Sedgewick
Lougheed
Hardisty
Wainwright No. 61
Chauvin
Edgerton
Wainwright
Irma
Red Deer County
Elnora
Delburne
Jarvis Bay
Bowden
Innisfail
Penhold
Red Deer
Sylvan Lake
Norglenwold
Lacombe County
Birchcliff
Eckville
Half Moon Bay
Bentley
Sunbreaker Cove
Gull Lake
Blackfalds
Lacombe
Clive
Alix
Ponoka County
Ponoka
Parkland Beach
Rimbey
Samson 137
Samson 137A
Montana 139
Clearwater County
Burnstick Lake
Caroline
Rocky Mountain House
O'Chiese 203
Sunchild 202
Big Horn 144A
Camrose County
Bashaw
Rosalind
Ferintosh
Edberg
Bawlf
Camrose
Bittern Lake
Hay Lakes
Beaver County
Tofield
Ryley
Holden
Viking
Minburn County No. 27
Vegreville
Innisfree
Mannville
Vermilion River County
Paradise Valley
Lloydminster (Part)
Kitscoty
Vermilion
Marwayne
Dewberry
Two Hills County No. 21
Myrnam
Two Hills
Willingdon
Lamont County
Andrew
Mundare
Chipman
Lamont
Bruderheim
Improvement District No. 13 Elk Island
Makaoo (Part) 120
Wetaskiwin County No. 10
Wetaskiwin
Argentia Beach
Grandview
Poplar Bay
Crystal Springs
Norris Beach
Ma-Me-O Beach
Silver Beach
Millet
Leduc County
Beaumont
Leduc
Devon
Calmar
Sundance Beach
Thorsby
Itaska Beach
Golden Days
Warburg
Breton
Drayton Valley
Brazeau County
Parkland County
Seba Beach
Betula Beach
Point Alison
Lakeview
Kapasiwin
Wabamun
Spring Lake
Stony Plain
Spruce Grove
Strathcona County
Fort Saskatchewan
Sturgeon County
Edmonton
St. Albert
Gibbons
Redwater
Bon Accord
Morinville
Legal
Ermineskin 138
Pigeon Lake 138A
Louis Bull 138B
Stony Plain 135
Alexander 134
Wabamun 133A
Wabamun 133B
Cold Lake
Bonnyville No. 87
Bonnyville
Bonnyville Beach
Glendon
Pelican Narrows
St. Paul County No. 19
Elk Point
St. Paul
Horseshoe Bay
Smoky Lake County
Vilna
Waskatenau
Smoky Lake
Lac la Biche County
Improvement District No. 349
Unipouheos 121
Puskiakiwenin 122
Saddle Lake 125
White Fish Lake 128
Cold Lake 149
Kehewin 123
Cold Lake 149A
Cold Lake 149B
Beaver Lake 131
Heart Lake 167
Lac Ste. Anne County
Mayerthorpe
Nakamun Park
Val Quentin
West Cove
Yellowstone
Ross Haven
Castle Island
Silver Sands
Sunset Point
Alberta Beach
Birch Cove
Onoway
South View
Sandy Beach
Sunrise Beach
Barrhead County No. 11
Barrhead
Westlock County
Woodlands County
Whitecourt
Westlock
Clyde
Larkspur
Thorhild County
Athabasca County
Mewatha Beach
Boyle
Sunset Beach
Athabasca
Island Lake
Island Lake South
Bondiss
South Baptiste
West Baptiste
Whispering Hills
Alexis 133
Yellowhead County
Hinton
Edson
Improvement District No. 25 Willmore Wilderness
Crowsnest Pass
Kananaskis
Bighorn No. 8
Canmore
Ghost Lake
Waiparous
Improvement District No.  9 Banff
Jasper
Banff
Improvement District No. 12 Jasper Park
Ranchland No. 66
"Stoney 142, 143, 144"
Wood Buffalo
Improvement District No. 24 Wood Buffalo
Janvier 194
Gregoire Lake 176
Gregoire Lake 176A
Chipewyan 201A
Old Fort 217
Allison Bay 219
Dog Head 218
Fort Mackay
Thebathi 196
Thabacha Nre 196A
High Prairie
Swan Hills
Northern Sunrise County
Big Lakes County
Slave Lake
Opportunity No. 17
Lesser Slave River No.124
Nampa
Clear Hills
Hines Creek
Northern Lights County
Manning
High Level
Mackenzie County
Rainbow Lake
Jean Baptiste Gambler 183
Wabasca 166
Wabasca 166A
Wabasca 166B
Wabasca 166C
Wabasca 166D
Utikoomak Lake 155
Clear Hills 152C
Utikoomak Lake 155A
Drift Pile River 150
Sucker Creek 150A
Kapawe'no First Nation (Pakashan 150D)
Swan River 150E
Sawridge 150G
Sawridge 150H
Fox Lake 162
Kapawe'no First Nation (Freeman 150B)
John d'Or Prairie 215
Tall Cree 173
Tall Cree 173A
Beaver Ranch 163
Boyer 164
Child Lake 164A
Hay Lake 209
Bushe River 207
Upper Hay River 212
Little Buffalo
Carcajou 187
Desmarais
Woodland Cree 226
Woodland Cree 228
Fort Vermilion 173B
Loon Lake 235
Fox Creek
Grande Cache
Greenview No. 16
Valleyview
Sturgeon Lake 154
Sturgeon Lake 154A
Grande Prairie County No. 1
Hythe
Beaverlodge
Wembley
Grande Prairie
Sexsmith
Peace River
Smoky River No. 130
McLennan
Donnelly
Falher
Girouxville
Birch Hills County
Spirit River No. 133
Rycroft
Spirit River
Saddle Hills County
Fairview No. 136
Fairview
Peace No. 135
Berwyn
Grimshaw
Horse Lakes 152B
Duncan's 151A
Elkford
Sparwood
Fernie
East Kootenay A
East Kootenay B
Cranbrook
Kimberley
East Kootenay C
East Kootenay E
Invermere
Radium Hot Springs
Canal Flats
East Kootenay F
East Kootenay G
Tobacco Plains 2
Isidore's Ranch 4
Kootenay 1
Columbia Lake 3
Cassimayooks (Mayook) 5
Shuswap
Creston
Central Kootenay A
Salmo
Central Kootenay B
Nelson
Central Kootenay C
Slocan
Kaslo
Silverton
New Denver
Central Kootenay D
Central Kootenay E
Central Kootenay F
Castlegar
Central Kootenay G
Nakusp
Central Kootenay H
Central Kootenay I
Central Kootenay J
Central Kootenay K
Creston 1
Fruitvale
Montrose
Trail
Warfield
Rossland
Kootenay Boundary A
Kootenay Boundary B / Lower Columbia-Old-Glory
Grand Forks
Midway
Greenwood
Kootenay Boundary C / Christina Lake
Kootenay Boundary D / Rural Grand Forks
Kootenay Boundary E / West Boundary
Osoyoos
Keremeos
Oliver
Okanagan-Similkameen A
Princeton
Okanagan-Similkameen B
Okanagan-Similkameen C
Summerland
Penticton
Okanagan-Similkameen D
Okanagan-Similkameen E
Okanagan-Similkameen F
Okanagan-Similkameen G
Okanagan-Similkameen H
Lower Similkameen 2
Osoyoos 1
Penticton 1
Chopaka 7 & 8
Blind Creek 6
Chuchuwayha 2
Alexis 9
Ashnola 10
Hope
Fraser Valley A
Fraser Valley B
Chilliwack
Harrison Hot Springs
Kent
Fraser Valley D
Fraser Valley H
Fraser Valley E
Fraser Valley C
Abbotsford
Mission
Fraser Valley F
Fraser Valley G
Chawathil 4
Inkahtsaph 6
Kopchitchin 2
Ohamil 1
Puckatholetchin 11
Saddle Rock 9
Lukseetsissum 9
Schkam 2
Skawahlook 1
Speyum 3
Spuzzum 1
Tuckkwiowhum 1
Yale Town 1
Kahmoose 4
Kwawkwawapilt 6
Skwah 4
Skwali 3
Skway 5
Soowahlie 14
Tzeachten 13
Yakweakwioose 12
Seabird Island
Scowlitz 1
Tseatah 2
Aitchelitch 9
Boston Bar 1A
Cheam 1
Schelowat 1
Chehalis 5
Stullawheets 8
Douglas 8
Peters 1
Popkum 1
Skookumchuck 4
Bucktum 4
Tipella 7
Skwahla 2
Boothroyd 13
Paqulh
Q'alatk7em
Albert Flat 5
Upper Sumas 6
Matsqui Main 2
Holachten 8
Lakahahmen 11
Skweahm 10
Squawkum Creek 3
Sachteen
Skowkale
Squiaala
Langley
Langley
Surrey
White Rock
Delta
Richmond
Greater Vancouver A
Vancouver
Burnaby
New Westminster
Coquitlam
Belcarra
Anmore
Port Coquitlam
Port Moody
North Vancouver
North Vancouver
West Vancouver
Bowen Island
Lions Bay
Pitt Meadows
Maple Ridge
Semiahmoo
Tsawwassen
Musqueam 2
Coquitlam 2
Coquitlam 1
Burrard Inlet 3
Mission 1
Capilano 5
Barnston Island 3
Musqueam 4
Seymour Creek 2
Katzie 2
McMillan Island 6
Matsqui 4
Katzie 1
Langley 5
Whonnock 1
North Saanich
Sidney
Central Saanich
Saanich
Saltspring Island
Southern Gulf Islands
Oak Bay
Victoria
Esquimalt
Colwood
Metchosin
Langford
View Royal
Highlands
Sooke
Juan de Fuca (Part 1)
Juan de Fuca (Part 2)
Cole Bay 3
Union Bay 4
East Saanich 2
South Saanich 1
Galiano Island 9
Becher Bay 1
Esquimalt
New Songhees 1A
Gordon River 2
T'Sou-ke
North Cowichan
Duncan
Cowichan Valley D
Cowichan Valley G
Lake Cowichan
Cowichan Valley H
Ladysmith
Cowichan Valley F
Cowichan Valley I
Cowichan Valley A
Cowichan Valley B
Cowichan Valley C
Cowichan Valley E
Halalt 2
Squaw-hay-one 11
Tsussie 6
Chemainus 13
Kil-pah-las 3
Penelakut Island 7
Shingle Point 4
Cowichan Lake
Malachan 11
Malahat 11
Oyster Bay 12
Portier Pass 5
Theik 2
Est-Patrolas 4
Tzart-Lam 5
Cowichan
Nanaimo
Lantzville
Nanaimo A
Nanaimo B
Nanaimo C
Parksville
Qualicum Beach
Nanaimo E
Nanaimo F
Nanaimo G
Nanaimo H
Nanaimo Town 1
Nanoose
Qualicum
Nanaimo River
Port Alberni
Ucluelet
Tofino
Alberni-Clayoquot B
Alberni-Clayoquot D
Alberni-Clayoquot E
Alberni-Clayoquot F
Alberni-Clayoquot A
Alberni-Clayoquot C
Ahahswinis 1
Alberni 2
Anacla 12
Clakamucus 2
Elhlateese 2
Hesquiat 1
Ittatsoo 1
Marktosis 15
Numukamis 1
Macoah 1
Opitsat 1
Sachsa 4
Tsahaheh 1
Klehkoot 2
Esowista 3
Refuge Cove 6
Tin Wis 11
Gold River
Zeballos
Tahsis
Campbell River
Sayward
Strathcona D (Oyster Bay - Buttle Lake)
Strathcona A
Strathcona B
Strathcona C
Ahaminaquus 12
Campbell River 11
Chenahkint 12
Houpsitas 6
Quinsam 12
Village Island 1
Yuquot 1
Cape Mudge 10
Squirrel Cove 8
Tork 7
Oclucje 7
Tsa Xana 18
Ehatis 11
Homalco 9
Comox
Courtenay
Cumberland
Comox Valley A
Comox Valley B (Lazo North)
Comox Valley C (Puntledge - Black Creek)
Comox 1
Pentledge 2
Powell River
Powell River A
Powell River B
Powell River C
Powell River D
Powell River E
Sliammon 1
Sechelt (Part)
Gibsons
Sechelt
Sunshine Coast A
Sunshine Coast B
Sunshine Coast D
Sunshine Coast E
Sunshine Coast F
Chekwelp 26
Sechelt (Part)
Squamish
Pemberton
Squamish-Lillooet C
Whistler
Squamish-Lillooet D
Lillooet
Squamish-Lillooet A
Squamish-Lillooet B
Cheakamus 11
Kowtain 17
Seaichem 16
Stawamus 24
Waiwakum 14
Yekwaupsum 18
Nesuch 3
Bridge River 1
Cayoosh Creek 1
Chilhil 6
Fountain  1
Fountain  3
Fountain 10
Fountain 11
Fountain 12
Lillooet 1
Fountain Creek 8
McCartney's Flat 4
Seton Lake 5
Necait 6
Nesikep 6
Pashilqua 2
Pavilion 1
Slosh 1
Towinock 2
Mission 5
Fountain 1B
Mount Currie
Nequatque
Merritt
Thompson-Nicola M (Beautiful Nicola Valley - North)
Thompson-Nicola N (Beautiful Nicola Valley - South)
Lytton
Ashcroft
Cache Creek
Clinton
Thompson-Nicola E (Bonaparte Plateau)
Logan Lake
Thompson-Nicola I (Blue Sky Country)
Thompson-Nicola J (Copper Desert Country)
Kamloops
Thompson-Nicola P (Rivers and the Peaks)
Sun Peaks Mountain
Chase
Thompson-Nicola L (Grasslands)
Clearwater
Thompson-Nicola A (Wells Gray Country)
Thompson-Nicola B (Thompson Headwaters)
Thompson-Nicola O (Lower North Thompson)
Barriere
Coldwater 1
Douglas Lake 3
Hamilton Creek 2
Joeyaska 2
Nicola Lake 1
Nicola Mameet 1
Nooaitch 10
Paul's Basin 2
Chuchhraischin
Zoht 4
Bonaparte 3
Halhalaeden
Canoe Creek 1
Skeetchestn
High Bar 1
Canoe Creek 2
Kitzowit 20
Skuppah 2A
Inklyuhkinatko 2
Basque 18
Klahkamich 17
Kleetlekut 22
Klickkumcheen 18
Inkluckcheen
Kumcheen 1
Lower Hat Creek 2
Peq-Paq 22
Lytton 4A
Lytton 4E
Lytton 9A
Lytton 9B
Ashcroft 4
105 Mile Post 2
Oregon Jack Creek 5
Nickel Palm 4
Siska Flat
Nickeyeah 25
Nicomen 1
Nohomeen 23
Nuuautin 2
Paska Island 3
Papyum 27
Pemynoos 9
Seah 5
Shackan 11
Kloklowuck 7
Skuppah 4
Skwayaynope 26
Spintlum Flat 3
Nkaih 10
Marble Canyon 3
Stryen 9
Tsaukan 12
Upper Hat Creek 1
Upper Nepa 6
Whispering Pines 4
Yawaucht 11
Zacht 5
Kamloops 1
Spences Bridge
Kanaka Bar
Sahhaltkum 4
Nekalliston 2
North Thompson 1
Louis Creek 4
Squaam 2
Shawniken 4B
Nekliptum  1
Boothroyd 8A (Part)
Neskonlith
Kelowna
Central Okanagan
Lake Country
Peachland
Central Okanagan J
West Kelowna
Duck Lake 7
Tsinstikeptum  9
Tsinstikeptum 10
Lumby
Coldstream
Vernon
North Okanagan B
North Okanagan C
North Okanagan D
North Okanagan E
Spallumcheen
Armstrong
Enderby
North Okanagan F
Okanagan (Part) 1
Enderby 2
Priest's Valley 6
Harris 3
Golden
Columbia-Shuswap A
Revelstoke
Columbia-Shuswap B
Salmon Arm
Columbia-Shuswap C
Columbia-Shuswap D
Columbia-Shuswap E
Columbia-Shuswap F
Sicamous
Chum Creek 2
Hustalen 1
North Bay 5
Okanagan (Part) 1
Quaaout 1
Salmon River 1
Scotch Creek 4
Switsemalph 3
Switsemalph
One Hundred Mile House
Williams Lake
Cariboo D
Cariboo E
Quesnel
Cariboo F
Cariboo G
Cariboo H
Cariboo L
Cariboo A
Cariboo B
Wells
Cariboo C
Cariboo I
Cariboo J
Cariboo K
Alkali Lake 1
Canim Lake 1
Canim Lake 4
Canoe Creek 3
Deep Creek 2
Dog Creek 1
Dog Creek 2
Lohbiee 3
Quesnel 1
Soda Creek 1
Johny Sticks 2
Williams Lake 1
Canim Lake 2
Alexis Creek 14
Alexis Creek 16
Anahim's Flat 1
Charley Boy's Meadow 3
Chilco Lake 1
Chilco Lake 1A
Tanakut 4
Kluskus 1
Louis Squinas Ranch 14
Coglistiko River 29
Nazco 20
Puntzi Lake 2
Redstone Flat 1
Squinas 2
Stone 1
Agats Meadow 8
Thomas Squinas Ranch 2A
Alexis Creek 21
Baptiste Meadow 2
Toosey 1
Towdystan Lake 3
Trout Lake Alec 16
Ulkatcho 13
Windy Mouth 7
Alexis Creek 34
Cahoose 10
Blackwater Meadow 11
Cahoose 12
Betty Creek 18
Salmon River Meadow 7
Tzetzi Lake 11
Sundayman's Meadow 3
Euchinico Creek 17
Sandy Harry 4
Fishtrap 19
Swan Lake  3
Alkali Lake 4A
Lezbye  6
Michel Gardens 36
Ulkatcho 14A
Baezaeko River 27
Alexandria
Anahim's Meadow
Garden
Little Springs
Alert Bay
Port McNeill
Port Alice
Port Hardy
Mount Waddington B
Mount Waddington C
Mount Waddington D
Mount Waddington A
Fort Rupert 1
Tsulquate 4
Dead Point 5
Gwayasdums 1
Hopetown 10A
Quaee 7
Kippase 2
Quatsino Subdivision 18
Thomas Point 5
Nimpkish 2
Hope Island 1
Alert Bay
Central Coast A
Central Coast C
Central Coast D
Central Coast E
Bella Bella 1
Bella Coola 1
Katit 1
Port Edward
Prince Rupert
Skeena-Queen Charlotte A
Skeena-Queen Charlotte C
Masset
Queen Charlotte
Skeena-Queen Charlotte D
Port Clements
Skeena-Queen Charlotte E
Masset 1
Skidegate 1
Kulkayu (Hartley Bay) 4
Dolphin Island 1
Lax Kw'alaams 1
S1/2 Tsimpsean 2
Kitimat
Terrace
Kitimat-Stikine C (Part 1)
Kitimat-Stikine E
Kitimat-Stikine C (Part 2)
Hazelton
New Hazelton
Kitimat-Stikine B
Stewart
Nisga'a
Kitimat-Stikine F
Kitimat-Stikine A
Kitimat-Stikine D
Kitasoo 1
Kitamaat 2
Kitsumkaylum 1
Kshish 4
Kulspai 6
Coryatsaqua (Moricetown) 2
Hagwilget 1
Gitanmaax 1
Kispiox 1
Gitsegukla 1
Gitanyow 1
Gitwangak 1
Moricetown 1
Sik-e-dakh 2
Babine 17
Bulkley River 19
Iskut 6
Guhthe Tah 12
Kitselas 1
Dease Lake 9
Tahltan 1
Telegraph Creek
Vanderhoof
Fraser Lake
Fort St. James
Bulkley-Nechako C
Bulkley-Nechako D
Bulkley-Nechako F
Burns Lake
Bulkley-Nechako B
Bulkley-Nechako E
Granisle
Houston
Telkwa
Smithers
Bulkley-Nechako A
Bulkley-Nechako G
Ye Koo Che 3
Nautley (Fort Fraser) 1
Nak'azdli (Necoslie 1)
Sowchea 3
Binche 2 (Pinchie 2)
Seaspunkut 4
Stellaquo (Stella) 1
Stony Creek 1
Tache 1
Tacla Lake (Ferry Landing) 9
Laketown 3
Dzitline Lee 9
Burns Lake 18
Cheslatta 1
Omineca 1
Palling 1
Duncan Lake 2
Francois Lake 7
Skins Lake 16A
Skins Lake 16B
Tatla West 11
Uncha Lake 13A
Woyenne 27
Babine  6
Babine 25
Jean Baptiste 28
Tatla't East 2
Williams Prairie Meadow 1A
Poison Creek 17A
Tadinlay 15
Nedoats 11
Babine Lake 21B
North Tacla Lake
Mission Lands 17
Valemount
McBride
Fraser-Fort George H
Prince George
Mackenzie
Fraser-Fort George A
Fraser-Fort George C
Fraser-Fort George D
Fraser-Fort George E
Fraser-Fort George F
Fraser-Fort George G
Fort George (Shelley) 2
McLeod Lake 1
Tumbler Ridge
Pouce Coupe
Chetwynd
Dawson Creek
Peace River D
Peace River E
Hudson's Hope
Taylor
Fort St. John
Peace River B
Peace River C
East Moberly Lake 169
West Moberly Lake 168A
Blueberry River 205
Doig River 206
Fort Ware 1
Halfway River 168
Ingenika Point
Stikine Region
Unnamed 10
Five Mile Point  3
Good Hope Lake
Lower Post
Liard River 3
Northern Rockies
Fontas 1
Fort Nelson 2
Kahntah 3
Prophet River 4
Watson Lake
Faro
Teslin
Teslin Post 13
Carcross 4
Whitehorse
Lake Laberge 1
Carmacks
Klukshu
Haines Junction
Kloo Lake
Mayo
Dawson
Moosehide Creek 2
Upper Liard
Two Mile and Two and One-Half Mile Village
Tagish
Ross River
Champagne Landing 10
Burwash Landing
Pelly Crossing
Beaver Creek
Old Crow
Mt. Lorne
"Yukon, Unorganized"
Swift River
Johnsons Crossing
Carcross
Destruction Bay
Stewart Crossing
Keno Hill
Ibex Valley
Teslin
Marsh Lake
Macpherson-Grizzly Valley
"Whitehorse, Unorganized"
Tsiigehtchic
Paulatuk
Fort McPherson
Inuvik
Aklavik
Tuktoyaktuk
Sachs Harbour
"Region 1, Unorganized"
Ulukhaktok
D?line
Tulita
Norman Wells
Fort Good Hope
Colville Lake
"Region 2, Unorganized"
Behchok?
What?
Gam?t?
Wekwe?t?
"Region 3, Unorganized"
Kakisa
Sambaa K'e
Fort Liard
Nahanni Butte
Jean Marie River
Fort Providence
Hay River Dene 1
Fort Simpson
Wrigley
"Region 4, Unorganized"
Fort Smith
Enterprise
Salt Plains 195
Hay River
Fort Resolution
Lutselk'e
Reliance
"Region 5, Unorganized"
Detah
Yellowknife
"Region 6, Unorganized"
Sanikiluaq
Iqaluit
Kimmirut
Cape Dorset
Pangnirtung
Qikiqtarjuaq
Hall Beach
Igloolik
Clyde River
Arctic Bay
Nanisivik
Pond Inlet
Resolute
Grise Fiord
"Baffin, Unorganized"
Coral Harbour
Arviat
Whale Cove
Rankin Inlet
Chesterfield Inlet
Baker Lake
Naujaat
"Keewatin, Unorganized"
Kugaaruk
Kugluktuk
Bathurst Inlet
Umingmaktok
Cambridge Bay
Gjoa Haven
Taloyoak
"Kitikmeot, Unorganized"
